Brief,"      บริษัทผู้ผลิตขนมรายใหญ่จากญี่ปุ่น Calvora (คาลโวร่า) ซึ่งมีพอร์ตสินค้าในประเทศไทยหลายแบรนด์ที่ประสบความสำเร็จและเป็นที่รู้จักในวงกว้าง แต่แบรนด์กำลังเผชิญกับช่องว่างสำคัญในด้านการรับรู้ของผู้บริโภค (Consumer Perception Gap)
      แม้แต่ละแบรนด์ภายใต้บริษัทจะมีความแข็งแกร่งในตัวเอง แต่ผู้บริโภคส่วนใหญ่ยัง ไม่เชื่อมโยงว่าบริษัทที่อยู่เบื้องหลังความอร่อยและคุณภาพเหล่านี้อยู่ภายใต้บริษัทเดียวกัน ส่งผลให้ “คุณค่าของบริษัทแม่ (Corporate Value)” ไม่ถูกถ่ายทอดหรือรับรู้ในระดับรวม
บริษัทต้องการยกระดับการสื่อสารจากระดับ Product Brand ไปสู่ Corporate Brand",,,,,,,,,,,,,,,,,,,,,,,,,,,,,,,,,,,,,,,,,,,,
Timestamp,คุณเคยได้ยินชื่อแบรนด์ Calvora (คาลโวร่า) หรือไม่?,เมื่อพูดถึง Calvora (คาลโวร่า) คุณนึกถึงอะไร?,จากภาพต่อไปนี้ ภาพใดทำให้คุณนึกถึงแบรนด์ Calvora (คาลโวร่า) บ้าง?,จากผลิตภัณฑ์ขนมขบเคี้ยวดังต่อไปนี้ คุณรู้จักผลิตภัณฑ์ใดบ้าง? (เลือกได้หลายข้อ),คุณเคยทานผลิตภัณฑ์ขนมขบเคี้ยวยี่ห้อใดบ้าง? (เลือกได้หลายข้อ),คุณสมบัติของขนมขบเคี้ยวที่มีผลต่อการตัดสินใจซื้อ [วัตถุดิบคุณภาพ],คุณสมบัติของขนมขบเคี้ยวที่มีผลต่อการตัดสินใจซื้อ [รสชาติอร่อย],คุณสมบัติของขนมขบเคี้ยวที่มีผลต่อการตัดสินใจซื้อ [รสชาติให้เลือกเยอะ],คุณสมบัติของขนมขบเคี้ยวที่มีผลต่อการตัดสินใจซื้อ [สัมผัสกรุบกรอบ เคี้ยวเพลิน],"คุณสมบัติของขนมขบเคี้ยวที่มีผลต่อการตัดสินใจซื้อ [เพื่อสุขภาพที่ดี (แคลอรี่น้อย, คั่วไม่ทอด)]",คุณชอบทานขนมขบเคี้ยวตอนไหน พิมพ์สั้นๆ,คุณคิดว่าขนมยี่ห้อต่อไปนี้ เป็นของ Calvora หรือไม่? [คาลโวร่า],คุณคิดว่าขนมยี่ห้อต่อไปนี้ เป็นของ Calvora หรือไม่? [เอบินาริ],คุณคิดว่าขนมยี่ห้อต่อไปนี้ เป็นของ Calvora หรือไม่? [เอบินาริ X],คุณคิดว่าขนมยี่ห้อต่อไปนี้ เป็นของ Calvora หรือไม่? [ฮานาโร],คุณคิดว่าขนมยี่ห้อต่อไปนี้ เป็นของ Calvora หรือไม่? [แบ็กซ์],คุณคิดว่าขนมยี่ห้อต่อไปนี้ เป็นของ Calvora หรือไม่? [พัฟโมริ],คุณคิดว่าขนมยี่ห้อต่อไปนี้ เป็นของ Calvora หรือไม่? [Jomona],คุณคิดว่าขนมยี่ห้อต่อไปนี้ เป็นของ Calvora หรือไม่? [บิบิป๊อป],คุณคิดว่าขนมยี่ห้อต่อไปนี้ เป็นของ Calvora หรือไม่? [สแน็คแบ๊ค],คุณคิดว่าขนมยี่ห้อต่อไปนี้ เป็นของ Calvora หรือไม่? [Veggie Snap],คุณคิดว่าขนมยี่ห้อต่อไปนี้ เป็นของ Calvora หรือไม่? [ฟรูทร่า],คุณคิดว่าผลิตภัณฑ์ของ Calvora มีจุดเด่นด้านใด? (เลือกได้หลายข้อ) อื่นๆ โปรดระบุ,"คุณรู้หรือไม่ว่า Calvora มี Tagline ว่า “Harvest the Power of Nature” ""เก็บเกี่ยวพลังของธรรมชาติ"" ?",จากข้อความ “Harvest the Power of Nature” คุณจะตีความว่าอย่างไร?,คุณรู้สึกว่า tagline “Harvest the Power of Nature” ของ Calvora สะท้อนภาพลักษณ์ของแบรนด์มาก-น้อยเพียงใด?,อะไรจะทำให้คุณรู้สึกเชื่อมั่นในวัตถุดิบจากธรรมชาติที่ Calvora ใช้ (เลือกได้หลายข้อ) อื่นๆ โปรดระบุ,"เมื่อนึกถึงแบรนด์ที่มี ""วัตถุดิบจากธรรมชาติ"" คุณนึกถึงแบรนด์ใด (ไม่จำเป็นต้องเป็นผลิตภัณฑ์ขนมขบเคี้ยว) เพราะอะไร ขอเหตุผลสั้นๆ",คุณรู้จักหรือเคยทาน Calvora เอบินาริ (Ebisen) หรือไม่,คุณเคยทาน เอบินาริ รสชาติไหนบ้าง,เลือกทาน Calvora เอบินาริ เพราะอะไร,เชื่อหรือไม่ว่า Calvora เอบินาริ ทำมาจากกุ้งแท้ๆ ?,จากข้อก่อนหน้า เชื่อหรือไม่เชื่อ เพราะอะไร?,ถ้าออกรสชาติใหม่จะลองไหม,รสชาติไหนที่อยากให้มีเพิ่ม,ทำไมถึงยังไม่เคยทาน,เชื่อหรือไม่ว่า Calvora เอบินาริ ทำมาจากกุ้งแท้ๆ ? 2,จากข้อก่อนหน้า เชื่อหรือไม่เชื่อ เพราะอะไร? 2,ถ้าเอบินาริมีรสชาติที่เข้มข้นขึ้น คุณจะชอบ/อยากลองกินมั้ย,ถ้าเอบินาริมี 'รสชาติที่เข้มข้นขึ้น' คุณคิดว่าจะเป็นรสชาติอย่างไร,ทำไมคุณถึงชอบ 'รสชาติที่เข้มข้น',แล้วรสชาติที่ เข้มข้น แบบนี้คุณคิดว่าเหมาะกับการกินในช่วงเวลาไหน หรือ กินคู่กับอะไร?,ขอเหตุผลหน่อย ทำไมถึงไม่อยากลอง?,อายุของคุณ,เพศของคุณ
12/1/2024 11:24:43,เคย,วัวโดนบี้,H,"คาลโวร่า, เอบินาริ, เอบินาริ X, ฮานาโร, แบ็กซ์, พัฟโมริ, บิบิป๊อป, สแน็คแบ๊ค","คาลโวร่า, ฮานาโร, แบ็กซ์, พัฟโมริ, บิบิป๊อป, สแน็คแบ๊ค",มีผลมาก,มีผลมาก,มีผลมาก,มีผลมาก,ปานกลาง,ตอนดูอนิเมะ,ใช่ เป็นของ Calvora,ไม่ใช่,ไม่ใช่,ใช่ เป็นของ Calvora,ใช่ เป็นของ Calvora,ใช่ เป็นของ Calvora,ไม่ใช่,ใช่ เป็นของ Calvora,ใช่ เป็นของ Calvora,ไม่ใช่,ไม่ใช่,"ใช้วัตถุดิบจากธรรมชาติ (Use natural ingredients), ทำจากเนื้อสัตว์แท้ (From real meat), มีรสชาติอร่อย (Tasty), มีคุณภาพดี (Good quality)",ไม่รู้,เก็บเกี่ยวพลังแห่งธรรมชาติ,4,"แหล่งที่มาของวัตถุดิบ, การรับรองจากหน่วยงานด้านอาหาร, การรับรองมาตรฐานการผลิตจากญี่ปุ่น, เป็นผลิตภัณฑ์นำเข้าจากญี่ปุ่น",เลย์ เพราะ อร่อย,รู้จัก และเคยทาน,"Original, Extra BBQ",อร่อย,เชื่อ,น่าจะมาจากธรรมชาติ,ลอง,รสกุ้งมังกรสไปซี่,,,,ชอบรสเข้มข้น อยากลอง,รส Extraaaaa BBQ,เพราะมันจัดจ้าน,กินก่อนนอน คู่กับโค๊ก,,20-29ปี,ชาย
12/1/2024 12:37:15,เคย,ฮานาโร,"H, J, K, N, O, P, Q","คาลโวร่า, ฮานาโร, แบ็กซ์, พัฟโมริ, Jomona, สแน็คแบ๊ค, Veggie Snap","ฮานาโร, แบ็กซ์, พัฟโมริ, Jomona, สแน็คแบ๊ค",มีผลมากที่สุด,มีผลมากที่สุด,มีผลมาก,มีผลมากที่สุด,มีผลมากที่สุด,ช่วงบ่ายก่อนอาหารเย็น,ใช่ เป็นของ Calvora,ไม่ใช่,ไม่ใช่,ใช่ เป็นของ Calvora,ไม่ใช่,ไม่ใช่,ใช่ เป็นของ Calvora,ไม่ใช่,ไม่ใช่,ไม่ใช่,ไม่ใช่,"มีรสชาติอร่อย (Tasty), มีคุณภาพดี (Good quality), เป็นแบรนด์ญี่ปุ่น (Japan brand)",ไม่รู้,เก็บเกี่ยวสารอาหารจากธรรมชาติ,3,"แหล่งที่มาของวัตถุดิบ, ข้อมูลเกี่ยวกับกระบวนการผลิต, การรับรองจากหน่วยงานด้านอาหาร, การรับรองมาตรฐานการผลิตจากญี่ปุ่น",Blue diamond,รู้จัก แต่ไม่เคยทาน,,,,,,,ไม่ค่อยทานขนมขบเคี้ยว,เชื่อ,ยี่ห้อ,ชอบรสเข้มข้น อยากลอง,รสกุ้งชัดขึ้น,อร่อย,คู่กับเครื่องดื่ม,,30-39ปี,ชาย
12/1/2024 12:39:03,เคย,ข้างเกรียบกุ้ง,K,"คาลโวร่า, เอบินาริ, เอบินาริ X, ฮานาโร, แบ็กซ์, พัฟโมริ, สแน็คแบ๊ค, Veggie Snap","คาลโวร่า, เอบินาริ, เอบินาริ X, ฮานาโร, พัฟโมริ, Jomona, สแน็คแบ๊ค",มีผลมาก,มีผลมากที่สุด,ปานกลาง,มีผลมากที่สุด,มีผลมาก,ดูหนัง,ใช่ เป็นของ Calvora,ไม่ใช่,ไม่ใช่,ใช่ เป็นของ Calvora,ไม่ใช่,ไม่ใช่,ใช่ เป็นของ Calvora,ไม่ใช่,ไม่ใช่,ไม่ใช่,ไม่ใช่,"มีรสชาติอร่อย (Tasty), เป็นแบรนด์ญี่ปุ่น (Japan brand)",ไม่รู้,อร่อยจากวัตถุดิบธรรมชาติ แบบไม่ปรุงแต่ง,3,การรับรองมาตรฐานการผลิตจากญี่ปุ่น,Yoguruto (เพราะสุขภาพ),รู้จัก และเคยทาน,Original,ลอง,เชื่อ,0.000001% ก็นับแหล่ะปกติของการตลาด,ลอง,ทรัฟเฟิล,,,,ไม่อยากลอง,,,,ถ้าจัดไปไม่อร่อย,30-39ปี,ชาย
12/1/2024 13:17:20,เคย,ขนม,H,"คาลโวร่า, ฮานาโร, แบ็กซ์, พัฟโมริ, สแน็คแบ๊ค","คาลโวร่า, ฮานาโร, แบ็กซ์, พัฟโมริ, สแน็คแบ๊ค",มีผลมาก,มีผลมาก,ปานกลาง,มีผลมาก,ไม่มีผล,ตอนอยากทาน,ใช่ เป็นของ Calvora,ไม่ใช่,ไม่ใช่,ใช่ เป็นของ Calvora,ใช่ เป็นของ Calvora,ใช่ เป็นของ Calvora,ไม่ใช่,ไม่ใช่,ใช่ เป็นของ Calvora,ไม่ใช่,ไม่ใช่,เป็นแบรนด์ญี่ปุ่น (Japan brand),ไม่รู้,ผลิตภัณฑ์ที่ทำมาจากธรรมชาติ,4,เป็นผลิตภัณฑ์นำเข้าจากญี่ปุ่น,Innisfree เพราะภาพลักษณ์ของแบรนด์มีการแสดงถึงการนำเอาธรรมชาติมาใช้อย่างชัดเจน,รู้จัก และเคยทาน,Original,ทานของเพื่อน,เชื่อ,ภาพลักษณ์สื่อออกไปว่าน่าจะใช่,ไม่ลอง,ไม่แน่ใจ,,,,ชอบรสเข้มข้น อยากลอง,มีความเค็มขึ้น,รู้สึกว่ากินแล้วได้อรรถรส,กินช่วงสังสรรค์ กินเป็นอาหารว่างพร้อมเครื่องดื่ม,,30-39ปี,หญิง
12/1/2024 13:22:54,เคย,ขนมคาลโวร่าถุงสีแดง + potato corner ของญี่ปุ่น,"H, K, P, Q","คาลโวร่า, เอบินาริ, ฮานาโร, แบ็กซ์, พัฟโมริ, สแน็คแบ๊ค","คาลโวร่า, ฮานาโร, แบ็กซ์, พัฟโมริ",ปานกลาง,มีผลมากที่สุด,ไม่มีผล,มีผลมากที่สุด,ไม่มีผล,มื้อว่าง /หลังอาหารเย็น,ใช่ เป็นของ Calvora,ใช่ เป็นของ Calvora,ใช่ เป็นของ Calvora,ไม่ใช่,ไม่ใช่,ไม่ใช่,ไม่ใช่,ไม่ใช่,ไม่ใช่,ไม่ใช่,ไม่ใช่,มีรสชาติอร่อย (Tasty),ไม่รู้,-,4,"แหล่งที่มาของวัตถุดิบ, การรับรองมาตรฐานการผลิตจากญี่ปุ่น",อายิโนโมโตะ ผลิตจากวัตถุดิบที่เป็นธรรมชาติ (สโลแกน),รู้จัก แต่ไม่เคยทาน,,,,,,,ไม่ค่อยได้ลองอะไรใหม่ๆ,เชื่อ,ก็ถ้าเคลมอย่างนั้นก็เชื่อ,ไม่อยากลอง,,,,ถ้ามีเพื่อนกิน อาจจะอยากลอง แต่ถ้าให้เดินไปซื้อเอง อาจจะไม่,30-39ปี,หญิง
12/1/2024 13:28:39,เคย,ขนม,"H, K, L","คาลโวร่า, ฮานาโร, แบ็กซ์, พัฟโมริ, บิบิป๊อป, สแน็คแบ๊ค","คาลโวร่า, ฮานาโร, แบ็กซ์, พัฟโมริ, บิบิป๊อป, สแน็คแบ๊ค",มีผลมาก,มีผลมากที่สุด,ปานกลาง,มีผลมาก,มีผลมากที่สุด,กลางวัน,ใช่ เป็นของ Calvora,ไม่ใช่,ไม่ใช่,ไม่ใช่,ใช่ เป็นของ Calvora,ไม่ใช่,ไม่ใช่,ไม่ใช่,ใช่ เป็นของ Calvora,ไม่ใช่,ไม่ใช่,"มีรสชาติอร่อย (Tasty), มีคุณภาพดี (Good quality), เป็นแบรนด์ญี่ปุ่น (Japan brand)",ไม่รู้,เก็บเกี่ยวจากธรรมชาติ,3,"แหล่งที่มาของวัตถุดิบ, เห็นขั้นตอนของการเก็บเกี่ยววัตถุดิบ, ข้อมูลเกี่ยวกับกระบวนการผลิต, การรับรองจากหน่วยงานด้านอาหาร, การรับรองมาตรฐานการผลิตจากญี่ปุ่น, เป็นผลิตภัณฑ์นำเข้าจากญี่ปุ่น",Plantae เพราะชื่อสื่อชัดเจน และวัตถุดิบก็มาจากธรรมชาติ เกี่ยวกับสุขภาพชัดเจน,รู้จัก และเคยทาน,Original,อยากลอง,ไม่เชื่อ,คิดว่าแต่งกลิ่น,ลอง,ชีส,,,,ชอบรสเข้มข้น อยากลอง,มีความเข้มข้น ถึงเครื่องกลิ่นชัด แต่รสยังคงกลมกล่อม ไม่เค็มโดด,อร่อยกว่าจืดๆ,กินได้ทุกช่วง กินคู่กับเบียร์,,20-29ปี,หญิง
12/1/2024 13:47:22,เคย,แบ็กซ์,"H, K, O","ฮานาโร, แบ็กซ์","ฮานาโร, แบ็กซ์, พัฟโมริ, บิบิป๊อป, สแน็คแบ๊ค",มีผลมากที่สุด,มีผลมากที่สุด,มีผลมากที่สุด,มีผลมากที่สุด,มีผลมาก,ทำงาน,ใช่ เป็นของ Calvora,ใช่ เป็นของ Calvora,ใช่ เป็นของ Calvora,ใช่ เป็นของ Calvora,ใช่ เป็นของ Calvora,ใช่ เป็นของ Calvora,ใช่ เป็นของ Calvora,ใช่ เป็นของ Calvora,ใช่ เป็นของ Calvora,ใช่ เป็นของ Calvora,ใช่ เป็นของ Calvora,"ใช้วัตถุดิบจากธรรมชาติ (Use natural ingredients), ทำจากเนื้อสัตว์แท้ (From real meat), มีรสชาติอร่อย (Tasty), มีคุณภาพดี (Good quality), เพื่อสุขภาพที่ดี (For healthy lifestyles), เป็นแบรนด์ญี่ปุ่น (Japan brand)",ไม่รู้,มาจากฟาร์มแบบธรรมชาติแท้,5,"แหล่งที่มาของวัตถุดิบ, เห็นขั้นตอนของการเก็บเกี่ยววัตถุดิบ, ข้อมูลเกี่ยวกับกระบวนการผลิต, การรับรองจากหน่วยงานด้านอาหาร, การรับรองมาตรฐานการผลิตจากญี่ปุ่น, เป็นผลิตภัณฑ์นำเข้าจากญี่ปุ่น",โครงการหลวง,รู้จัก และเคยทาน,Original,ลอง,ไม่เชื่อ,ขนมคือแป้ง,ลอง,ลาบ,,,,ชอบรสเข้มข้น อยากลอง,ผงเยอะๆ,ชอบผงชูรส เค็ม,เบียร์,,20-29ปี,หญิง
12/1/2024 14:24:23,เคย,ขนมกลิ่นทะเล กรอบๆ,K,"คาลโวร่า, ฮานาโร","คาลโวร่า, ฮานาโร",มีผลมากที่สุด,มีผลมากที่สุด,มีผลมาก,มีผลมากที่สุด,มีผลมากที่สุด,ตอนโหย,ใช่ เป็นของ Calvora,ไม่ใช่,ไม่ใช่,ไม่ใช่,ไม่ใช่,ไม่ใช่,ไม่ใช่,ไม่ใช่,ไม่ใช่,ไม่ใช่,ไม่ใช่,มีรสชาติอร่อย (Tasty),ไม่รู้,ออแกนนิก,1,"แหล่งที่มาของวัตถุดิบ, ข้อมูลเกี่ยวกับกระบวนการผลิต, การรับรองมาตรฐานการผลิตจากญี่ปุ่น, เป็นผลิตภัณฑ์นำเข้าจากญี่ปุ่น",Whole food,รู้จัก และเคยทาน,Original,เค็มกว่า,ไม่เชื่อ,ผงกุ้ง,ไม่ลอง,-,,,,ไม่อยากลอง,,,,เค็มอยู่แล้ว,20-29ปี,หญิง
12/1/2024 14:36:13,เคย,แบ๊กซ์,"H, L","คาลโวร่า, ฮานาโร, แบ็กซ์, พัฟโมริ, บิบิป๊อป, สแน็คแบ๊ค","ฮานาโร, แบ็กซ์, บิบิป๊อป, สแน็คแบ๊ค",มีผลมากที่สุด,มีผลมากที่สุด,มีผลมาก,มีผลมาก,ไม่มีผล,ทำงาน,ใช่ เป็นของ Calvora,ไม่ใช่,ไม่ใช่,ใช่ เป็นของ Calvora,ใช่ เป็นของ Calvora,ใช่ เป็นของ Calvora,ไม่ใช่,ใช่ เป็นของ Calvora,ใช่ เป็นของ Calvora,ไม่ใช่,ไม่ใช่,ใช้วัตถุดิบจากธรรมชาติ (Use natural ingredients),ไม่รู้,สุจภาพดี,4,แหล่งที่มาของวัตถุดิบ,,รู้จัก และเคยทาน,Original,ทดลอง,เชื่อ,รสชาต,ลอง,กล้วย,,,,ชอบรสเข้มข้น อยากลอง,อร่อย,อร่อย,ทำงาน กับเบียร์,,20-29ปี,หญิง
12/1/2024 14:47:37,เคย,ขนม,"I, K","คาลโวร่า, ฮานาโร, แบ็กซ์, พัฟโมริ, Jomona, บิบิป๊อป, สแน็คแบ๊ค, Veggie Snap","คาลโวร่า, ฮานาโร, แบ็กซ์, พัฟโมริ, Jomona, บิบิป๊อป, สแน็คแบ๊ค, Veggie Snap",ปานกลาง,มีผลมากที่สุด,ปานกลาง,มีผลมาก,มีผลมาก,กินเล่น,ใช่ เป็นของ Calvora,ใช่ เป็นของ Calvora,ใช่ เป็นของ Calvora,ใช่ เป็นของ Calvora,ใช่ เป็นของ Calvora,ใช่ เป็นของ Calvora,ใช่ เป็นของ Calvora,ใช่ เป็นของ Calvora,ใช่ เป็นของ Calvora,ใช่ เป็นของ Calvora,ใช่ เป็นของ Calvora,เป็นแบรนด์ญี่ปุ่น (Japan brand),ไม่รู้,เกบผลผลิตจากธรรมชาติ,1,"การรับรองจากหน่วยงานด้านอาหาร, เป็นผลิตภัณฑ์นำเข้าจากญี่ปุ่น",อะยิโนโมโตะ เพราะ tagline,รู้จัก แต่ไม่เคยทาน,,,,,,,ไม่มีโอกาสได้ลอง,ไม่เชื่อ,น่าจะเป็นรสชาติเฉยๆ,ไม่อยากลอง,,,,รู้สึกเฉยๆ เข้มข้นขึ้นอาจจะเป็นผงปรุงรส น่าจะเพิ่มโซเดียม,20-29ปี,LGBTQ+
12/1/2024 15:10:20,เคย,Snacks,K,"คาลโวร่า, ฮานาโร, แบ็กซ์, พัฟโมริ, สแน็คแบ๊ค","คาลโวร่า, ฮานาโร, แบ็กซ์, พัฟโมริ, สแน็คแบ๊ค",มีผลมาก,มีผลมากที่สุด,มีผลมาก,มีผลมาก,ปานกลาง,ตอนบ่าย,ใช่ เป็นของ Calvora,ไม่ใช่,ไม่ใช่,ไม่ใช่,ไม่ใช่,ไม่ใช่,ไม่ใช่,ไม่ใช่,ไม่ใช่,ใช่ เป็นของ Calvora,ใช่ เป็นของ Calvora,มีรสชาติอร่อย (Tasty),ไม่รู้,วัตถุดิบส่วนใหญ่มาจากธรรมชาติ,3,"การรับรองจากหน่วยงานด้านอาหาร, การรับรองมาตรฐานการผลิตจากญี่ปุ่น",,รู้จัก แต่ไม่เคยทาน,,,,,,,ชินกับแบบเดิม,ไม่เชื่อ,ส่วนผสมที่อาจเติมแต่งหรือทดแทน,ชอบรสเข้มข้น อยากลอง,อร่อย,รสจัด อร่อยกว่าจืด,"ช่วง relax , chill หรือระหว่างทำงาน",,30-39ปี,หญิง
12/1/2024 16:08:27,เคย,ขนมขบเคี้ยว,"H, N, O","คาลโวร่า, ฮานาโร, แบ็กซ์, พัฟโมริ, บิบิป๊อป, สแน็คแบ๊ค","คาลโวร่า, ฮานาโร, แบ็กซ์, พัฟโมริ, บิบิป๊อป, สแน็คแบ๊ค",มีผลมากที่สุด,มีผลมากที่สุด,มีผลมากที่สุด,มีผลมากที่สุด,มีผลมากที่สุด,ดูหนัง,ใช่ เป็นของ Calvora,ไม่ใช่,ไม่ใช่,ไม่ใช่,ใช่ เป็นของ Calvora,ใช่ เป็นของ Calvora,ใช่ เป็นของ Calvora,ใช่ เป็นของ Calvora,ไม่ใช่,ไม่ใช่,ไม่ใช่,"ใช้วัตถุดิบจากธรรมชาติ (Use natural ingredients), มีรสชาติอร่อย (Tasty), เป็นแบรนด์ญี่ปุ่น (Japan brand)",ไม่รู้,เก็บเกี่ยวจากธรรมชาติ,3,"การรับรองมาตรฐานการผลิตจากญี่ปุ่น, เป็นผลิตภัณฑ์นำเข้าจากญี่ปุ่น",ซันไบร์ท มีวัตถุดิบและสีที่สื่อถึงว่ามาจากธรรมชาติ ดูรักสุขภาพ,ไม่รู้จักเลย,,,,,,,,,,,,,,,20-29ปี,หญิง
12/1/2024 16:09:54,เคย,ข้าวเกรียบกุ้ง,"H, I, J, K, Q","คาลโวร่า, เอบินาริ, ฮานาโร, แบ็กซ์, พัฟโมริ, Jomona, บิบิป๊อป, สแน็คแบ๊ค, Veggie Snap, ฟรูทร่า","คาลโวร่า, ฮานาโร, แบ็กซ์, พัฟโมริ, Jomona, บิบิป๊อป, สแน็คแบ๊ค, Veggie Snap, ฟรูทร่า",มีผลมากที่สุด,มีผลมากที่สุด,ปานกลาง,ปานกลาง,มีผลมากที่สุด,ดูหนัง,ใช่ เป็นของ Calvora,ใช่ เป็นของ Calvora,ใช่ เป็นของ Calvora,ใช่ เป็นของ Calvora,ไม่ใช่,ไม่ใช่,ใช่ เป็นของ Calvora,ไม่ใช่,ไม่ใช่,ใช่ เป็นของ Calvora,ไม่ใช่,"ใช้วัตถุดิบจากธรรมชาติ (Use natural ingredients), มีรสชาติอร่อย (Tasty), มีคุณภาพดี (Good quality), เป็นแบรนด์ญี่ปุ่น (Japan brand)",รู้,อะไรเกี่ยวกับธรรมชาติ,5,"แหล่งที่มาของวัตถุดิบ, เห็นขั้นตอนของการเก็บเกี่ยววัตถุดิบ, ข้อมูลเกี่ยวกับกระบวนการผลิต, การรับรองจากหน่วยงานด้านอาหาร, การรับรองมาตรฐานการผลิตจากญี่ปุ่น, เป็นผลิตภัณฑ์นำเข้าจากญี่ปุ่น","ซันไบรท์ , soganics",รู้จัก แต่ไม่เคยทาน,,,,,,,ยังไม่ดึงดูด คิดว่าเหมือนกับอันเก่าๆ,ไม่เชื่อ,ไม่เชื่อ,ชอบรสเข้มข้น อยากลอง,กุ้งชัดๆ,แซ่บ,ดูNetflix คนเดียวในห้องเพราะกลิ่นน่าจะแรง กับ เลม่อนโซดา,,20-29ปี,หญิง
12/1/2024 16:20:46,เคย,กุ้ง,"H, L, O","คาลโวร่า, เอบินาริ, ฮานาโร, แบ็กซ์, พัฟโมริ, สแน็คแบ๊ค","คาลโวร่า, ฮานาโร",มีผลมาก,มีผลมากที่สุด,ปานกลาง,มีผลมากที่สุด,ปานกลาง,ดูหนัง,ใช่ เป็นของ Calvora,ไม่ใช่,ไม่ใช่,ไม่ใช่,ไม่ใช่,ไม่ใช่,ไม่ใช่,ไม่ใช่,ไม่ใช่,ไม่ใช่,ไม่ใช่,"ทำจากเนื้อสัตว์แท้ (From real meat), มีรสชาติอร่อย (Tasty)",ไม่รู้,เก็บเกี่ยวพลังจากธรรมชาติ,5,"แหล่งที่มาของวัตถุดิบ, เห็นขั้นตอนของการเก็บเกี่ยววัตถุดิบ, ข้อมูลเกี่ยวกับกระบวนการผลิต, การรับรองมาตรฐานการผลิตจากญี่ปุ่น",,รู้จัก และเคยทาน,Original,อร่อย,เชื่อ,เชื่อมั่นในเเบรนด์,ไม่ลอง,บาบีคิว,,,,ชอบรสเข้มข้น อยากลอง,รสจัดมากขึ้น,อร่อน,ดูหนัง คู่กับโค๊ก,,30-39ปี,หญิง
12/1/2024 16:40:05,เคย,ข้าวเกรียบกุ้ง,"K, L, O","คาลโวร่า, ฮานาโร, แบ็กซ์, พัฟโมริ, สแน็คแบ๊ค","คาลโวร่า, ฮานาโร, แบ็กซ์, พัฟโมริ, สแน็คแบ๊ค",มีผลมากที่สุด,มีผลมากที่สุด,ปานกลาง,มีผลมากที่สุด,มีผลมาก,ตอนทำงาน,ใช่ เป็นของ Calvora,ใช่ เป็นของ Calvora,ใช่ เป็นของ Calvora,ไม่ใช่,ไม่ใช่,ไม่ใช่,ไม่ใช่,ไม่ใช่,ไม่ใช่,ไม่ใช่,ไม่ใช่,"ทำจากเนื้อสัตว์แท้ (From real meat), มีรสชาติอร่อย (Tasty), มีคุณภาพดี (Good quality), เป็นแบรนด์ญี่ปุ่น (Japan brand)",ไม่รู้,ทำจากวัตถุดิบธรรมชาติ,4,"แหล่งที่มาของวัตถุดิบ, เห็นขั้นตอนของการเก็บเกี่ยววัตถุดิบ, ข้อมูลเกี่ยวกับกระบวนการผลิต, การรับรองมาตรฐานการผลิตจากญี่ปุ่น",สแน๊กแบ๊ก เพราะใช้ tag line แสดงความจริงใจ,รู้จัก แต่ไม่เคยทาน,,,,,,,เลือกฮานาโรหรือ Calvora ก่อน,เชื่อ,เพราะเป็นแบรนด์ญี่ปุ่น,ชอบรสเข้มข้น อยากลอง,ทะเล โนริสาหร่าย,กินอร่อย,ตอนทำงาน ตอนบ่าย กินกับน้ำชา,,30-39ปี,ชาย
12/1/2024 17:07:23,เคย,ขนม,L,"ฮานาโร, แบ็กซ์, พัฟโมริ, สแน็คแบ๊ค","ฮานาโร, แบ็กซ์, พัฟโมริ, บิบิป๊อป, สแน็คแบ๊ค",ไม่มีผล,มีผลมากที่สุด,ไม่มีผล,ไม่มีผล,ไม่มีผล,ทุกตอน,ใช่ เป็นของ Calvora,ใช่ เป็นของ Calvora,ใช่ เป็นของ Calvora,ใช่ เป็นของ Calvora,ใช่ เป็นของ Calvora,ใช่ เป็นของ Calvora,ใช่ เป็นของ Calvora,ใช่ เป็นของ Calvora,ใช่ เป็นของ Calvora,ใช่ เป็นของ Calvora,ใช่ เป็นของ Calvora,มีรสชาติอร่อย (Tasty),ไม่รู้,พลังจากธรรมชาติ,2,เห็นขั้นตอนของการเก็บเกี่ยววัตถุดิบ,,ไม่รู้จักเลย,,,,,,,,,,,,,,,ต่ำกว่า 20ปี,LGBTQ+
12/1/2024 22:31:22,เคย,ขนมกรุบกรอบตรากุ้ง,"H, K, N","คาลโวร่า, ฮานาโร, แบ็กซ์, พัฟโมริ, Jomona, บิบิป๊อป, สแน็คแบ๊ค","คาลโวร่า, ฮานาโร, Jomona",ปานกลาง,มีผลมากที่สุด,ปานกลาง,ปานกลาง,ไม่มีผลเลย,หลังอาหารเย็น,ใช่ เป็นของ Calvora,ไม่ใช่,ไม่ใช่,ใช่ เป็นของ Calvora,ไม่ใช่,ไม่ใช่,ไม่ใช่,ไม่ใช่,ไม่ใช่,ไม่ใช่,ไม่ใช่,มีรสชาติอร่อย (Tasty),ไม่รู้,ผลิตจากวัตถุดิบธรรมชาติจนเกิดความอร่อย,3,"เห็นขั้นตอนของการเก็บเกี่ยววัตถุดิบ, การรับรองจากหน่วยงานด้านอาหาร, การรับรองมาตรฐานการผลิตจากญี่ปุ่น",ซันไบร์ท,รู้จัก และเคยทาน,Original,เอกลักษณ์ของขนม,เชื่อ,โลโก้รูปกุ้ง,ลอง,ออริจินอลก็ดีอยู่แล้ว,,,,ไม่อยากลอง,,,,อันเดิมก็อร่อยอยู่แล้ว,20-29ปี,LGBTQ+
12/1/2024 22:43:37,เคย,ขนมขบเคี้ยว,Q,"คาลโวร่า, ฮานาโร, แบ็กซ์, พัฟโมริ, สแน็คแบ๊ค","คาลโวร่า, ฮานาโร, แบ็กซ์, พัฟโมริ, สแน็คแบ๊ค",มีผลมาก,มีผลมากที่สุด,ปานกลาง,มีผลมาก,ปานกลาง,ทำงาน,ใช่ เป็นของ Calvora,ไม่ใช่,ไม่ใช่,ใช่ เป็นของ Calvora,ไม่ใช่,ไม่ใช่,ไม่ใช่,ไม่ใช่,ไม่ใช่,ไม่ใช่,ไม่ใช่,"ทำจากเนื้อสัตว์แท้ (From real meat), มีรสชาติอร่อย (Tasty)",ไม่รู้,พลังที่มาจากธรรมชาติ,3,การรับรองมาตรฐานการผลิตจากญี่ปุ่น,ซันไบทส์ นึกถึงธัญพืชทันที,ไม่รู้จักเลย,,,,,,,,,,,,,,,20-29ปี,หญิง
12/2/2024 0:41:19,เคย,ข้าวเกรียบกุ้ง,"H, K, N, O","คาลโวร่า, เอบินาริ, ฮานาโร, แบ็กซ์, พัฟโมริ, บิบิป๊อป, สแน็คแบ๊ค, Veggie Snap","คาลโวร่า, ฮานาโร, แบ็กซ์, พัฟโมริ, บิบิป๊อป, สแน็คแบ๊ค, Veggie Snap",มีผลมาก,มีผลมากที่สุด,มีผลมาก,ปานกลาง,ปานกลาง,หาอะไรกินเล่นเพลินๆ,ใช่ เป็นของ Calvora,ใช่ เป็นของ Calvora,ใช่ เป็นของ Calvora,ใช่ เป็นของ Calvora,ไม่ใช่,ไม่ใช่,ไม่ใช่,ใช่ เป็นของ Calvora,ไม่ใช่,ไม่ใช่,ไม่ใช่,ทำจากเนื้อสัตว์แท้ (From real meat),ไม่รู้,ผลผลิตที่ได้จากธรรมชาติรังสรรค์,2,การรับรองมาตรฐานการผลิตจากญี่ปุ่น,อายิโนะโมโตะ,รู้จัก และเคยทาน,Original,อยากกินอะไรที่เคี้ยวเพลิน,เชื่อ,รสชาติที่ชัดเจนบ่งบอกว่ามาจากกุ้งแท้,ไม่ลอง,-,,,,ไม่อยากลอง,,,,ไม่ได้กินประจำ ทำให้ไม่คาดหวังในการออกรสชาติใหม่ๆ,30-39ปี,หญิง
12/2/2024 8:34:43,เคย,ขนมอบกรอบ ทรงแท่ง,"H, I, K, L, N","คาลโวร่า, เอบินาริ, ฮานาโร, แบ็กซ์, พัฟโมริ, Jomona, บิบิป๊อป, สแน็คแบ๊ค","คาลโวร่า, เอบินาริ, ฮานาโร, แบ็กซ์, พัฟโมริ, Jomona, สแน็คแบ๊ค",มีผลมาก,มีผลมากที่สุด,ปานกลาง,มีผลมาก,มีผลมาก,ตอนดูหนัง,ใช่ เป็นของ Calvora,ใช่ เป็นของ Calvora,ใช่ เป็นของ Calvora,ไม่ใช่,ไม่ใช่,ไม่ใช่,ใช่ เป็นของ Calvora,ไม่ใช่,ไม่ใช่,ไม่ใช่,ไม่ใช่,"ใช้วัตถุดิบจากธรรมชาติ (Use natural ingredients), มีรสชาติอร่อย (Tasty), มีคุณภาพดี (Good quality)",ไม่รู้,ใช้วัตถุดิบจากธรรมชาติ,2,"เห็นขั้นตอนของการเก็บเกี่ยววัตถุดิบ, การรับรองมาตรฐานการผลิตจากญี่ปุ่น, เป็นผลิตภัณฑ์นำเข้าจากญี่ปุ่น",กาโนล่า เพราะเป็นธัญพืช,รู้จัก และเคยทาน,Original,กรอบอร่อย,เชื่อ,เพราะมีรูปกุ้ง และคำโฆษณา,ลอง,ข้าวโพด,,,,ไม่อยากลอง,,,,รสชาตินี้ดีแล้ว ถ้าเข้มข้นไปอาจจะเค็มหรือกลิ่นแรงมากกว่าเดิม,30-39ปี,ชาย
12/2/2024 9:11:28,เคย,ฮานาโร,"H, K","คาลโวร่า, ฮานาโร, แบ็กซ์, พัฟโมริ, Jomona, บิบิป๊อป, สแน็คแบ๊ค","ฮานาโร, แบ็กซ์, พัฟโมริ, บิบิป๊อป, สแน็คแบ๊ค",มีผลมาก,มีผลมากที่สุด,มีผลมาก,มีผลมากที่สุด,มีผลมากที่สุด,"ดูทีวี, ทำงานช่วงบ่ายๆ, กับแกล้ม,ตอนเพื่อนซื้อมา",ใช่ เป็นของ Calvora,ใช่ เป็นของ Calvora,ใช่ เป็นของ Calvora,ไม่ใช่,ไม่ใช่,ไม่ใช่,ไม่ใช่,ไม่ใช่,ไม่ใช่,ไม่ใช่,ไม่ใช่,"ใช้วัตถุดิบจากธรรมชาติ (Use natural ingredients), ทำจากเนื้อสัตว์แท้ (From real meat), มีคุณภาพดี (Good quality), เป็นแบรนด์ญี่ปุ่น (Japan brand)",ไม่รู้,เกินจริง แต่ชัดเจน,4,"เห็นขั้นตอนของการเก็บเกี่ยววัตถุดิบ, ข้อมูลเกี่ยวกับกระบวนการผลิต, การรับรองจากหน่วยงานด้านอาหาร, การรับรองมาตรฐานการผลิตจากญี่ปุ่น",sizzler โอ้กะจู๋ ร้านอาหารญี่ปุ่นต่างๆ,รู้จัก แต่ไม่เคยทาน,,,,,,,ไม่ค่อยทานขนมขบเคี้ยว,ไม่เชื่อ,ไม่เคยทาน ไม่ได้กลิ่น คิดว่าต้องผสมแป้งเยอะ,ไม่อยากลอง,,,,งดทานขนมขบเคี้ยว,30-39ปี,หญิง
12/2/2024 10:42:02,เคย,ขนมกุ้ง,"H, K, N",คาลโวร่า,คาลโวร่า,ปานกลาง,ไม่มีผล,ปานกลาง,ไม่มีผล,มีผลมากที่สุด,ดูกนัง,ใช่ เป็นของ Calvora,ใช่ เป็นของ Calvora,ไม่ใช่,ไม่ใช่,ไม่ใช่,ไม่ใช่,ไม่ใช่,ไม่ใช่,ไม่ใช่,ไม่ใช่,ไม่ใช่,"มีรสชาติอร่อย (Tasty), มีคุณภาพดี (Good quality), เป็นแบรนด์ญี่ปุ่น (Japan brand)",ไม่รู้,พลังจากธรรมชาติ,2,"แหล่งที่มาของวัตถุดิบ, เป็นผลิตภัณฑ์นำเข้าจากญี่ปุ่น",ขนมจาก Golden place,รู้จัก และเคยทาน,"Original, หมึกย่างสาหร่าย",รสชาติ,ไม่เชื่อ,ไม่ เพราะไม่รู้,ลอง,เผ็ด ๆ,,,,ชอบรสเข้มข้น อยากลอง,รสขาติไม่รแต่ผงเยอะ ๆ,ชอบความนัวของรสชาติ,กินตอนเม้าท์มันส์ กับเพื่อน ตอนกินเหล้า,,20-29ปี,หญิง
12/2/2024 10:55:42,เคย,มันฝรั่งทอดกรอบ ข้าวเกียบทอดกรอบ,"H, I, M","คาลโวร่า, เอบินาริ, Jomona, บิบิป๊อป, Veggie Snap, ฟรูทร่า","คาลโวร่า, แบ็กซ์, พัฟโมริ, Jomona, บิบิป๊อป, สแน็คแบ๊ค, Veggie Snap",มีผลมากที่สุด,มีผลมากที่สุด,มีผลมากที่สุด,มีผลมากที่สุด,มีผลมากที่สุด,ก่อนนอน,ใช่ เป็นของ Calvora,ใช่ เป็นของ Calvora,ใช่ เป็นของ Calvora,ไม่ใช่,ใช่ เป็นของ Calvora,ใช่ เป็นของ Calvora,ใช่ เป็นของ Calvora,ใช่ เป็นของ Calvora,ใช่ เป็นของ Calvora,ใช่ เป็นของ Calvora,ใช่ เป็นของ Calvora,"ใช้วัตถุดิบจากธรรมชาติ (Use natural ingredients), ทำจากเนื้อสัตว์แท้ (From real meat), มีรสชาติอร่อย (Tasty), มีคุณภาพดี (Good quality), เพื่อสุขภาพที่ดี (For healthy lifestyles), เป็นแบรนด์ญี่ปุ่น (Japan brand)",ไม่รู้,ใช้ส่วนประกอบจากธรรมชาติ,4,"แหล่งที่มาของวัตถุดิบ, การรับรองจากหน่วยงานด้านอาหาร, การรับรองมาตรฐานการผลิตจากญี่ปุ่น, เป็นผลิตภัณฑ์นำเข้าจากญี่ปุ่น",ข้าวเกรียบกุ้ง ได้ยินชื่อมานาน ต้นผลิตอยู่ในไทย,รู้จัก แต่ไม่เคยทาน,,,,,,,คิดว่ารสเหมือนกัน,เชื่อ,ส่วนประกอบหลังซอง,ชอบรสเข้มข้น อยากลอง,ส่วนผสม,อร่อย ทานเพลิน,ว่าง หิว,,20-29ปี,หญิง
12/2/2024 11:06:47,เคย,ขนมขบเคี้ยว,"H, K, O","คาลโวร่า, เอบินาริ, ฮานาโร, แบ็กซ์, พัฟโมริ, บิบิป๊อป, สแน็คแบ๊ค","คาลโวร่า, ฮานาโร, แบ็กซ์, พัฟโมริ, บิบิป๊อป, สแน็คแบ๊ค",มีผลมากที่สุด,มีผลมากที่สุด,ปานกลาง,มีผลมากที่สุด,ปานกลาง,ตอนหิว,ใช่ เป็นของ Calvora,ไม่ใช่,ไม่ใช่,ไม่ใช่,ไม่ใช่,ไม่ใช่,ไม่ใช่,ไม่ใช่,ไม่ใช่,ไม่ใช่,ไม่ใช่,มีรสชาติอร่อย (Tasty),ไม่รู้,ไม่แน่ใจ,3,"แหล่งที่มาของวัตถุดิบ, การรับรองจากหน่วยงานด้านอาหาร, การรับรองมาตรฐานการผลิตจากญี่ปุ่น, เป็นผลิตภัณฑ์นำเข้าจากญี่ปุ่น",,ไม่รู้จักเลย,,,,,,,,,,,,,,,20-29ปี,หญิง
12/2/2024 11:08:00,เคย,ญี่ปุ่น,"H, K, O, Q","คาลโวร่า, เอบินาริ, ฮานาโร, แบ็กซ์, พัฟโมริ, บิบิป๊อป, สแน็คแบ๊ค, Veggie Snap","คาลโวร่า, ฮานาโร, แบ็กซ์, พัฟโมริ, บิบิป๊อป, สแน็คแบ๊ค, Veggie Snap",ปานกลาง,มีผลมากที่สุด,ปานกลาง,มีผลมาก,ปานกลาง,ทำงาน,ใช่ เป็นของ Calvora,ไม่ใช่,ไม่ใช่,ไม่ใช่,ไม่ใช่,ไม่ใช่,ใช่ เป็นของ Calvora,ใช่ เป็นของ Calvora,ไม่ใช่,ไม่ใช่,ไม่ใช่,"มีรสชาติอร่อย (Tasty), มีคุณภาพดี (Good quality), เป็นแบรนด์ญี่ปุ่น (Japan brand)",ไม่รู้,คัดสรรวัตถุดิบคุณภาพจากธรรมชาติ,1,"แหล่งที่มาของวัตถุดิบ, เป็นผลิตภัณฑ์นำเข้าจากญี่ปุ่น","คำถามกว้างมาก ข้าวแสนดี เพราะผ่านกระบวนการน้อยส่งต่อลูกค้าเลย, ถ้าขนมขบเคี้ยว ปุ้มปุ้ย หอยลายอบกรอบ, สแนคแจ็คถั่วลันเตาอบกรอบ",รู้จัก และเคยทาน,Original,ดูไลท์ ไม่เค็มมาก,ไม่เชื่อ,แป้งน่าจะเป็นส่วนประกอบหลัก,ไม่ลอง,"คงเป็นรสชาติไม่ใช่ trend เพราะหลายๆแบรนด์ทำออกมาไม่ได้อร่อยขน่ดนั้น ชอบรสชาติดังเดิม รสโชยุวาซาบิ, รสสุกี้ญี่ปุ่น อะไรที่คนไทยคุ้นเคยและสื่อความเป็นแบรนด์มากที่สุด",,,,ไม่อยากลอง,,,,ชอบรสไม่จัดมาก,30-39ปี,LGBTQ+
12/2/2024 11:08:45,เคย,ข้าวเกรียบ,H,"คาลโวร่า, เอบินาริ, ฮานาโร, แบ็กซ์, บิบิป๊อป, สแน็คแบ๊ค","คาลโวร่า, ฮานาโร, แบ็กซ์, พัฟโมริ, บิบิป๊อป, สแน็คแบ๊ค",มีผลมากที่สุด,มีผลมากที่สุด,ปานกลาง,มีผลมากที่สุด,ไม่มีผลเลย,ดูหนัง,ใช่ เป็นของ Calvora,ใช่ เป็นของ Calvora,ใช่ เป็นของ Calvora,ใช่ เป็นของ Calvora,ใช่ เป็นของ Calvora,ใช่ เป็นของ Calvora,ใช่ เป็นของ Calvora,ใช่ เป็นของ Calvora,ใช่ เป็นของ Calvora,ใช่ เป็นของ Calvora,ใช่ เป็นของ Calvora,"ทำจากเนื้อสัตว์แท้ (From real meat), มีรสชาติอร่อย (Tasty), มีคุณภาพดี (Good quality), เป็นแบรนด์ญี่ปุ่น (Japan brand)",ไม่รู้,-,1,"แหล่งที่มาของวัตถุดิบ, เห็นขั้นตอนของการเก็บเกี่ยววัตถุดิบ",,รู้จัก และเคยทาน,Original,อร่อย,เชื่อ,-,ลอง,-,,,,ชอบรสเข้มข้น อยากลอง,อร่อย,อร่อย,กินคู่น้ำอัดลม ดูหน้ง,,ต่ำกว่า 20ปี,ชาย
12/2/2024 11:15:33,เคย,ขนม,"H, K, N","คาลโวร่า, เอบินาริ","คาลโวร่า, ฮานาโร, แบ็กซ์, พัฟโมริ",มีผลมากที่สุด,มีผลมาก,มีผลมาก,มีผลมากที่สุด,มีผลมาก,ตอนดูหนัง,ใช่ เป็นของ Calvora,ใช่ เป็นของ Calvora,ใช่ เป็นของ Calvora,ไม่ใช่,ไม่ใช่,ไม่ใช่,ไม่ใช่,ไม่ใช่,ไม่ใช่,ไม่ใช่,ไม่ใช่,"ใช้วัตถุดิบจากธรรมชาติ (Use natural ingredients), มีรสชาติอร่อย (Tasty), มีคุณภาพดี (Good quality)",ไม่รู้,พลังงานธรรมชาติ,4,"แหล่งที่มาของวัตถุดิบ, การรับรองจากหน่วยงานด้านอาหาร, การรับรองมาตรฐานการผลิตจากญี่ปุ่น",,รู้จัก และเคยทาน,Original,อร่อย,เชื่อ,ดูจากส่วนสผมในขนม,ลอง,บาบีคิว,,,,ชอบรสเข้มข้น อยากลอง,เผ็ด อร่อย,เผ็ด อร่อย,ตอนกลางคืนกินเบียร์,,20-29ปี,หญิง
12/2/2024 11:30:45,เคย,มันฝรั่งอบกรอบsnack,"K, L, M, Q","คาลโวร่า, เอบินาริ, ฮานาโร, แบ็กซ์, พัฟโมริ, สแน็คแบ๊ค","คาลโวร่า, ฮานาโร, พัฟโมริ, Jomona, สแน็คแบ๊ค",มีผลมากที่สุด,มีผลมากที่สุด,มีผลมากที่สุด,มีผลมากที่สุด,มีผลมากที่สุด,ดูทีวี หรือกับแกล้ม,ใช่ เป็นของ Calvora,ใช่ เป็นของ Calvora,ใช่ เป็นของ Calvora,ใช่ เป็นของ Calvora,ใช่ เป็นของ Calvora,ใช่ เป็นของ Calvora,ใช่ เป็นของ Calvora,ใช่ เป็นของ Calvora,ใช่ เป็นของ Calvora,ใช่ เป็นของ Calvora,ใช่ เป็นของ Calvora,"ใช้วัตถุดิบจากธรรมชาติ (Use natural ingredients), มีรสชาติอร่อย (Tasty), มีคุณภาพดี (Good quality), เพื่อสุขภาพที่ดี (For healthy lifestyles), เป็นแบรนด์ญี่ปุ่น (Japan brand)",ไม่รู้,ได้รับสารอาหารที่มีพลังงานจากธรรมชาติ,5,"แหล่งที่มาของวัตถุดิบ, การรับรองมาตรฐานการผลิตจากญี่ปุ่น",,รู้จัก และเคยทาน,Original,รสชาติ วัตถุดิบดี,เชื่อ,ได้รับรสกุ้งอย่างแท้จริง,ลอง,โนริสาหร่าย,,,,ชอบรสเข้มข้น อยากลอง,ต้องเป็นรสที่เด่นชัดของรสชาติๆนั้นจริงๆ อาทิ ต้มยำก็ต้องเปรี้ยว เผ็ด เค็ม กลมกล่อม,อร่อย และทำให้สัมผัสได้ถึงการผสมผสานกันด้วยดี,ช่วงเวลาอยากรีแลค หรือพักผ่อนหย่อนใจ,,30-39ปี,หญิง
12/2/2024 11:38:48,เคย,ขนมขบเคี้ยว,K,"คาลโวร่า, ฮานาโร, แบ็กซ์, พัฟโมริ, สแน็คแบ๊ค","คาลโวร่า, ฮานาโร, แบ็กซ์, พัฟโมริ, Jomona, สแน็คแบ๊ค",ปานกลาง,มีผลมาก,ปานกลาง,มีผลมาก,ปานกลาง,เมื่อเกิดความรู้สึกอยากทาน,ใช่ เป็นของ Calvora,ไม่ใช่,ไม่ใช่,ไม่ใช่,ไม่ใช่,ไม่ใช่,ไม่ใช่,ไม่ใช่,ไม่ใช่,ไม่ใช่,ไม่ใช่,มีรสชาติอร่อย (Tasty),ไม่รู้,การเก็บเกี่ยวด้วยพลังแห่งธรรมชาติ,1,การรับรองจากหน่วยงานด้านอาหาร,เครื่องดื่มน้ำผลไม้,ไม่รู้จักเลย,,,,,,,,,,,,,,,30-39ปี,ชาย
12/2/2024 11:44:35,เคย,ขนม,"H, K, L, M, O","คาลโวร่า, เอบินาริ X, ฮานาโร, แบ็กซ์, พัฟโมริ, สแน็คแบ๊ค","คาลโวร่า, ฮานาโร, แบ็กซ์, พัฟโมริ, สแน็คแบ๊ค",มีผลมากที่สุด,มีผลมากที่สุด,มีผลมากที่สุด,มีผลมากที่สุด,มีผลมากที่สุด,ตอนดูหนัง และกินข้าวเสร็จ,ใช่ เป็นของ Calvora,ใช่ เป็นของ Calvora,ใช่ เป็นของ Calvora,ใช่ เป็นของ Calvora,ใช่ เป็นของ Calvora,ใช่ เป็นของ Calvora,ใช่ เป็นของ Calvora,ใช่ เป็นของ Calvora,ใช่ เป็นของ Calvora,ไม่ใช่,ใช่ เป็นของ Calvora,มีรสชาติอร่อย (Tasty),ไม่รู้,วัตถุดิบมาจากธรรมชาติจริงๆ,2,"เห็นขั้นตอนของการเก็บเกี่ยววัตถุดิบ, ข้อมูลเกี่ยวกับกระบวนการผลิต, การรับรองจากหน่วยงานด้านอาหาร",ดอยคำ,รู้จัก แต่ไม่เคยทาน,,,,,,,ไม่ได้รู้สึกอยากกิน,ไม่เชื่อ,อาหารประเภทนี้มักไม่ได้ทำมาจากวัตถุดิบจริงๆ,ชอบรสเข้มข้น อยากลอง,อร่อยขึ้น,อร่อยกว่าแบบจืดๆ,ตอนดูหนัง กินคู่กับโค้ก,,20-29ปี,หญิง
12/2/2024 11:51:35,เคย,ขนมหวานๆ,"H, I, O","คาลโวร่า, เอบินาริ, ฮานาโร, แบ็กซ์, พัฟโมริ, Jomona, บิบิป๊อป, สแน็คแบ๊ค, Veggie Snap","คาลโวร่า, ฮานาโร, แบ็กซ์, พัฟโมริ, บิบิป๊อป, สแน็คแบ๊ค, Veggie Snap",มีผลมาก,มีผลมากที่สุด,ปานกลาง,มีผลมาก,ปานกลาง,ดูหนัง,ใช่ เป็นของ Calvora,ใช่ เป็นของ Calvora,ใช่ เป็นของ Calvora,ใช่ เป็นของ Calvora,ใช่ เป็นของ Calvora,ใช่ เป็นของ Calvora,ใช่ เป็นของ Calvora,ใช่ เป็นของ Calvora,ใช่ เป็นของ Calvora,ใช่ เป็นของ Calvora,ใช่ เป็นของ Calvora,"มีรสชาติอร่อย (Tasty), มีคุณภาพดี (Good quality), เป็นแบรนด์ญี่ปุ่น (Japan brand)",ไม่รู้,ธรรมชาติ,3,"แหล่งที่มาของวัตถุดิบ, เห็นขั้นตอนของการเก็บเกี่ยววัตถุดิบ, ข้อมูลเกี่ยวกับกระบวนการผลิต, การรับรองจากหน่วยงานด้านอาหาร, เป็นผลิตภัณฑ์นำเข้าจากญี่ปุ่น",นึกไม่ออก,รู้จัก และเคยทาน,"Original, ต้มยำกุ้ง",อยากกิน เห็น หยิบ,ไม่เชื่อ,ไม่น่าทำจากกุ้งจริง,ลอง,-,,,,ชอบรสเข้มข้น อยากลอง,-,-,-,,ต่ำกว่า 20ปี,หญิง
12/2/2024 11:55:24,เคย,ข้าวเกรียบ,"H, I, Q","คาลโวร่า, ฮานาโร, พัฟโมริ, Jomona, สแน็คแบ๊ค, ฟรูทร่า","คาลโวร่า, เอบินาริ, ฮานาโร, แบ็กซ์, พัฟโมริ, Jomona, สแน็คแบ๊ค, ฟรูทร่า",ปานกลาง,มีผลมากที่สุด,มีผลมาก,มีผลมาก,มีผลมากที่สุด,ดูหนัง,ใช่ เป็นของ Calvora,ใช่ เป็นของ Calvora,ใช่ เป็นของ Calvora,ใช่ เป็นของ Calvora,ใช่ เป็นของ Calvora,ใช่ เป็นของ Calvora,ใช่ เป็นของ Calvora,ใช่ เป็นของ Calvora,ใช่ เป็นของ Calvora,ใช่ เป็นของ Calvora,ใช่ เป็นของ Calvora,"มีรสชาติอร่อย (Tasty), เป็นแบรนด์ญี่ปุ่น (Japan brand)",ไม่รู้,ทำจากพืช,2,"แหล่งที่มาของวัตถุดิบ, เห็นขั้นตอนของการเก็บเกี่ยววัตถุดิบ, ข้อมูลเกี่ยวกับกระบวนการผลิต, เป็นผลิตภัณฑ์นำเข้าจากญี่ปุ่น",โนริ เพราะ แปลตรงตัว,รู้จัก และเคยทาน,"Original, หมึกย่างสาหร่าย",อร่อย,ไม่เชื่อ,ไม่เห็นวิธีการทำ,ลอง,มันม่วง,,,,ชอบรสเข้มข้น อยากลอง,เค็ม,ได้กลิ่นถึงวัดถุดิบมากขึ้น,ช่วงบ่าย กับ นำ้อัดลม,,40-49ปี,หญิง
12/2/2024 12:05:22,เคย,ขนมขบเคี้ยวที่เหมือนฮานาโร,"K, O","คาลโวร่า, ฮานาโร, แบ็กซ์, พัฟโมริ, Jomona, บิบิป๊อป, สแน็คแบ๊ค","คาลโวร่า, ฮานาโร, แบ็กซ์, พัฟโมริ, Jomona, บิบิป๊อป, สแน็คแบ๊ค",มีผลมาก,มีผลมาก,มีผลมาก,มีผลมาก,มีผลมาก,ดูทีวี,ใช่ เป็นของ Calvora,ไม่ใช่,ไม่ใช่,ไม่ใช่,ใช่ เป็นของ Calvora,ไม่ใช่,ไม่ใช่,ไม่ใช่,ไม่ใช่,ไม่ใช่,ไม่ใช่,"มีรสชาติอร่อย (Tasty), เป็นแบรนด์ญี่ปุ่น (Japan brand)",ไม่รู้,วัตถุดิบจากธรรมชาติ,3,"การรับรองมาตรฐานการผลิตจากญี่ปุ่น, เป็นผลิตภัณฑ์นำเข้าจากญี่ปุ่น",Boost น้ำปั่น ผลไม้ปั่น เห็นผลไม้แท้ๆก่อนปั่น,ไม่รู้จักเลย,,,,,,,,,,,,,,,40-49ปี,ชาย
12/2/2024 12:14:30,เคย,ขบเคี้ยวแบบแท่ง,"H, K","คาลโวร่า, ฮานาโร, แบ็กซ์, พัฟโมริ, Jomona, บิบิป๊อป, สแน็คแบ๊ค","คาลโวร่า, ฮานาโร, แบ็กซ์, พัฟโมริ, Jomona, บิบิป๊อป, สแน็คแบ๊ค",ปานกลาง,มีผลมากที่สุด,มีผลมาก,มีผลมากที่สุด,ปานกลาง,Relax / Watching movie,ใช่ เป็นของ Calvora,ไม่ใช่,ไม่ใช่,ไม่ใช่,ไม่ใช่,ไม่ใช่,ใช่ เป็นของ Calvora,ไม่ใช่,ไม่ใช่,ไม่ใช่,ไม่ใช่,"ใช้วัตถุดิบจากธรรมชาติ (Use natural ingredients), มีรสชาติอร่อย (Tasty), มีคุณภาพดี (Good quality)",ไม่รู้,ผลิตภัณฑ์จากธรรมชาติ,3,"การรับรองมาตรฐานการผลิตจากญี่ปุ่น, เป็นผลิตภัณฑ์นำเข้าจากญี่ปุ่น",,ไม่รู้จักเลย,,,,,,,,,,,,,,,30-39ปี,ชาย
12/2/2024 12:26:22,เคย,ข้าวเกรียบ,"H, K","คาลโวร่า, ฮานาโร, แบ็กซ์, พัฟโมริ, Jomona, สแน็คแบ๊ค","คาลโวร่า, ฮานาโร, แบ็กซ์, พัฟโมริ, Jomona, สแน็คแบ๊ค",มีผลมาก,มีผลมาก,ปานกลาง,มีผลมาก,ปานกลาง,ทำงาน ดูหนัง,ใช่ เป็นของ Calvora,ไม่ใช่,ไม่ใช่,ไม่ใช่,ไม่ใช่,ไม่ใช่,ไม่ใช่,ไม่ใช่,ไม่ใช่,ไม่ใช่,ไม่ใช่,มีรสชาติอร่อย (Tasty),ไม่รู้,ทำจากธรรมชาติ,2,การรับรองมาตรฐานการผลิตจากญี่ปุ่น,โก๋แก่ เพราะ เป็นถั่ว,ไม่รู้จักเลย,,,,,,,,,,,,,,,30-39ปี,LGBTQ+
12/2/2024 12:30:20,เคย,ขนม,H,"คาลโวร่า, ฮานาโร, แบ็กซ์, พัฟโมริ, Jomona, สแน็คแบ๊ค","คาลโวร่า, ฮานาโร, แบ็กซ์, พัฟโมริ, Jomona, สแน็คแบ๊ค",มีผลมาก,มีผลมากที่สุด,ปานกลาง,ปานกลาง,ปานกลาง,กลางวัน,ใช่ เป็นของ Calvora,ไม่ใช่,ไม่ใช่,ไม่ใช่,ไม่ใช่,ไม่ใช่,ใช่ เป็นของ Calvora,ไม่ใช่,ไม่ใช่,ไม่ใช่,ไม่ใช่,"มีรสชาติอร่อย (Tasty), มีคุณภาพดี (Good quality), เป็นแบรนด์ญี่ปุ่น (Japan brand)",ไม่รู้,ใช้วัตถุดิบจากธรรมชาติ,3,"แหล่งที่มาของวัตถุดิบ, ข้อมูลเกี่ยวกับกระบวนการผลิต, การรับรองมาตรฐานการผลิตจากญี่ปุ่น, เป็นผลิตภัณฑ์นำเข้าจากญี่ปุ่น",เลย์ เพราะ ชอบกิน,รู้จัก และเคยทาน,Original,อยากลองเปรียบเทียบรสชาติกับฮานาโร,ไม่เชื่อ,เพราะ ทำมาจากแป้ง,ลอง,สไปซี่,,,,ชอบรสเข้มข้น อยากลอง,พริกหมาล่า,ชอบแซ่บๆ,กินตอนเย็นพร้อมกับเบียร์,,30-39ปี,หญิง
12/2/2024 12:33:28,เคย,ข้าวเกรียบกุ้ง,"H, J, N, O","คาลโวร่า, ฮานาโร, แบ็กซ์, พัฟโมริ, บิบิป๊อป, สแน็คแบ๊ค, Veggie Snap","คาลโวร่า, เอบินาริ, ฮานาโร, แบ็กซ์, พัฟโมริ, บิบิป๊อป, สแน็คแบ๊ค, Veggie Snap",มีผลมาก,มีผลมาก,มีผลมากที่สุด,มีผลมาก,มีผลมากที่สุด,ตอนสอบ หาอะไรเติมพลังอ่านหนังสือ,ใช่ เป็นของ Calvora,ใช่ เป็นของ Calvora,ใช่ เป็นของ Calvora,ไม่ใช่,ไม่ใช่,ไม่ใช่,ไม่ใช่,ไม่ใช่,ไม่ใช่,ไม่ใช่,ไม่ใช่,"ทำจากเนื้อสัตว์แท้ (From real meat), มีรสชาติอร่อย (Tasty), เป็นแบรนด์ญี่ปุ่น (Japan brand)",ไม่รู้,วัตถุดิบคัดสรรจากธรรมชาติ,3,"แหล่งที่มาของวัตถุดิบ, การรับรองจากหน่วยงานด้านอาหาร",มาลี เพราะเป็นน้ำผักผลไม้ที่เน้นความสดและธรรมชาติ ไม่เจือปนของปลอม,รู้จัก และเคยทาน,Original,อยากลองข้าวเกรียบหลาย ๆ ยี่ห้อ,เชื่อ,รสชาติกับคำเคลมจากที่ต่าง ๆ,ลอง,ชีสหรืออะไรก็ได้ที่กินคู่กับซีฟู้ด,,,,ไม่อยากลอง,,,,ส่วนตัวมองว่ารสชาติเข้มเท่ากับเครื่องปรุงมากขึ้นเท่ากับไม่ต่อยดีต่อสุขภาพ ส่วนตัวเลือกทานขนมจะดูฉลากว่าแคล ไขมัน โซเดียมเท่าไหร่,20-29ปี,LGBTQ+
12/2/2024 12:37:17,เคย,ข้าวเกนียบกุ้ง,"H, K","คาลโวร่า, ฮานาโร, สแน็คแบ๊ค","คาลโวร่า, ฮานาโร",ปานกลาง,มีผลมากที่สุด,ปานกลาง,มีผลมากที่สุด,ปานกลาง,ตอนเครียด,ใช่ เป็นของ Calvora,ไม่ใช่,ไม่ใช่,ไม่ใช่,ไม่ใช่,ไม่ใช่,ไม่ใช่,ไม่ใช่,ไม่ใช่,ไม่ใช่,ไม่ใช่,"มีรสชาติอร่อย (Tasty), เป็นแบรนด์ญี่ปุ่น (Japan brand)",ไม่รู้,ใช้ของคุภาพดี,3,การรับรองมาตรฐานการผลิตจากญี่ปุ่น,ทาโร่,ไม่รู้จักเลย,,,,,,,,,,,,,,,40-49ปี,หญิง
12/2/2024 12:42:18,เคย,ข้าวเกรียบรวยเพื่อน,K,"คาลโวร่า, เอบินาริ, ฮานาโร, แบ็กซ์, พัฟโมริ, สแน็คแบ๊ค","คาลโวร่า, ฮานาโร, แบ็กซ์, พัฟโมริ, สแน็คแบ๊ค",มีผลมาก,มีผลมากที่สุด,ปานกลาง,มีผลมาก,มีผลมาก,หิว..รองท้อง /ปาร์ตี้,ใช่ เป็นของ Calvora,ไม่ใช่,ไม่ใช่,ไม่ใช่,ใช่ เป็นของ Calvora,ไม่ใช่,ไม่ใช่,ใช่ เป็นของ Calvora,ไม่ใช่,ไม่ใช่,ไม่ใช่,มีรสชาติอร่อย (Tasty),ไม่รู้,ผลิตสินค้าโดยนำส่วนผสมที่มาจากธรรมชาติ ไม่เจือปน,2,"แหล่งที่มาของวัตถุดิบ, เห็นขั้นตอนของการเก็บเกี่ยววัตถุดิบ, การรับรองจากหน่วยงานด้านอาหาร",Taro,รู้จัก แต่ไม่เคยทาน,,,,,,,เพื่อนหรือคนในครอบครัวยังไม่เคยซื้อทาน,เชื่อ,มาจากญี่ปุ่น,ชอบรสเข้มข้น อยากลอง,เค็ม มัน กรอบ ไม่เผ็ดมาก,ขนม ต้องเข้มข้น,ปาร์ตี้ เดินทาง หิวรองท้อง,,40-49ปี,หญิง
12/2/2024 12:44:21,เคย,ขนม,"H, K","คาลโวร่า, เอบินาริ, ฮานาโร, พัฟโมริ, Jomona, สแน็คแบ๊ค","คาลโวร่า, เอบินาริ, ฮานาโร, พัฟโมริ, Jomona",มีผลมากที่สุด,มีผลมากที่สุด,ปานกลาง,มีผลมาก,มีผลมาก,ดูทีวี,ใช่ เป็นของ Calvora,ใช่ เป็นของ Calvora,ใช่ เป็นของ Calvora,ไม่ใช่,ไม่ใช่,ไม่ใช่,ใช่ เป็นของ Calvora,ไม่ใช่,ไม่ใช่,ไม่ใช่,ไม่ใช่,"มีรสชาติอร่อย (Tasty), เป็นแบรนด์ญี่ปุ่น (Japan brand)",ไม่รู้,เกี่ยวข้องกับธรรมชาติตั้งแต่กระบวนการเริ่มต้น,3,"แหล่งที่มาของวัตถุดิบ, ข้อมูลเกี่ยวกับกระบวนการผลิต, การรับรองมาตรฐานการผลิตจากญี่ปุ่น, เป็นผลิตภัณฑ์นำเข้าจากญี่ปุ่น",โอ้กระจู๋ ปลูกผักเอง,รู้จัก และเคยทาน,"Original, หมึกย่างสาหร่าย",อร่อย,ไม่เชื่อ,อาหารในปัจจุบันผ่านกระบวนการจนแทบไม่เหลือที่มา,ไม่ลอง,-,,,,ไม่อยากลอง,,,,ชอบรสดั้งเดิม,40-49ปี,หญิง
12/2/2024 12:45:29,เคย,กุ้ง,"H, K, L","คาลโวร่า, ฮานาโร, แบ็กซ์, พัฟโมริ, สแน็คแบ๊ค","คาลโวร่า, ฮานาโร",มีผลมาก,มีผลมากที่สุด,ไม่มีผล,มีผลมากที่สุด,ปานกลาง,หิว ดูหนัง,ใช่ เป็นของ Calvora,ไม่ใช่,ไม่ใช่,ไม่ใช่,ไม่ใช่,ไม่ใช่,ไม่ใช่,ไม่ใช่,ไม่ใช่,ไม่ใช่,ไม่ใช่,"มีรสชาติอร่อย (Tasty), มีคุณภาพดี (Good quality), เป็นแบรนด์ญี่ปุ่น (Japan brand)",ไม่รู้,ใช้วัตถุดิบจากธรรมชาติ,4,เป็นผลิตภัณฑ์นำเข้าจากญี่ปุ่น,ขนมไทย,รู้จัก แต่ไม่เคยทาน,,,,,,,ไม่เคยซื้อลอง,เชื่อ,จากญี่ปุ่น,ไม่อยากลอง,,,,ต้องใส่ส่วนผสมเยอะขึ้น อาจเค็มขึ้นเกิน,50ปี ขึ้นไป,ชาย
12/2/2024 12:59:17,เคย,ข้าวเกรียบแท่ง,"H, K, P","คาลโวร่า, ฮานาโร, แบ็กซ์, พัฟโมริ, Jomona, บิบิป๊อป, สแน็คแบ๊ค, Veggie Snap, ฟรูทร่า","คาลโวร่า, ฮานาโร, แบ็กซ์, พัฟโมริ, Jomona, บิบิป๊อป, สแน็คแบ๊ค, Veggie Snap",มีผลมาก,มีผลมากที่สุด,มีผลมากที่สุด,มีผลมากที่สุด,มีผลมาก,ทำงาน,ใช่ เป็นของ Calvora,ใช่ เป็นของ Calvora,ใช่ เป็นของ Calvora,ไม่ใช่,ใช่ เป็นของ Calvora,ไม่ใช่,ใช่ เป็นของ Calvora,ใช่ เป็นของ Calvora,ไม่ใช่,ใช่ เป็นของ Calvora,ใช่ เป็นของ Calvora,"มีรสชาติอร่อย (Tasty), มีคุณภาพดี (Good quality), เป็นแบรนด์ญี่ปุ่น (Japan brand)",ไม่รู้,ให้พลังงานจากธรรมชาติ,4,"การรับรองมาตรฐานการผลิตจากญี่ปุ่น, เป็นผลิตภัณฑ์นำเข้าจากญี่ปุ่น",,ไม่รู้จักเลย,,,,,,,,,,,,,,,20-29ปี,หญิง
12/2/2024 13:05:03,เคย,มันฝรั่งอบกรอบ,"H, I, O, Q","เอบินาริ, ฮานาโร, แบ็กซ์, พัฟโมริ, Jomona, สแน็คแบ๊ค","คาลโวร่า, ฮานาโร, แบ็กซ์, พัฟโมริ, Jomona, บิบิป๊อป, สแน็คแบ๊ค",มีผลมากที่สุด,มีผลมากที่สุด,ไม่มีผล,มีผลมาก,ปานกลาง,ระหว่างดูหนัง,ใช่ เป็นของ Calvora,ใช่ เป็นของ Calvora,ใช่ เป็นของ Calvora,ไม่ใช่,ใช่ เป็นของ Calvora,ใช่ เป็นของ Calvora,ไม่ใช่,ใช่ เป็นของ Calvora,ไม่ใช่,ไม่ใช่,ไม่ใช่,"มีรสชาติอร่อย (Tasty), มีคุณภาพดี (Good quality), เป็นแบรนด์ญี่ปุ่น (Japan brand)",ไม่รู้,เพาะปลูกและคัดสรรวัตถุดิบที่ดีจากธรรมชาติ,3,"แหล่งที่มาของวัตถุดิบ, การรับรองมาตรฐานการผลิตจากญี่ปุ่น, เป็นผลิตภัณฑ์นำเข้าจากญี่ปุ่น",ซันไบทส์ เพราะในโฆษณาโปรโมทโดยเน้นว่าเป็นขนมเพื่อสุขภาพ และตอนที่ได้ลองชิม texture เนื้อขนมจะหยาบนิดๆ และรสชาติที่ไม่มันเหมือนขนมทั่วไปเลยทำให้รู้สึกว่ายังมีความออแกนนิคอยู่หน่อยๆ,รู้จัก และเคยทาน,Original,Packaging,เชื่อ,เชื่อเพราะทางแบรนด์เคลมมาแต่มีมากน้อยไม่แน่ใจค่ะ,ลอง,หมาล่า,,,,ชอบรสเข้มข้น อยากลอง,มีรสที่ชัดเจน ไม่ว่าจะเผ็ด/หวาน/มัน/เค็ม,อร่อย กินเพลิน,ดูหนัง หรือสังสรรค์กับเพื่อน,,30-39ปี,หญิง
12/2/2024 13:11:06,เคย,ขนม,"K, N","คาลโวร่า, ฮานาโร, แบ็กซ์, พัฟโมริ, Jomona, บิบิป๊อป, สแน็คแบ๊ค, Veggie Snap, ฟรูทร่า","คาลโวร่า, ฮานาโร, แบ็กซ์, พัฟโมริ, Jomona, สแน็คแบ๊ค, ฟรูทร่า",มีผลมากที่สุด,มีผลมากที่สุด,มีผลมากที่สุด,มีผลมากที่สุด,มีผลมากที่สุด,ตอนอยาก,ใช่ เป็นของ Calvora,ใช่ เป็นของ Calvora,ใช่ เป็นของ Calvora,ใช่ เป็นของ Calvora,ใช่ เป็นของ Calvora,ไม่ใช่,ไม่ใช่,ไม่ใช่,ใช่ เป็นของ Calvora,ไม่ใช่,ใช่ เป็นของ Calvora,"ใช้วัตถุดิบจากธรรมชาติ (Use natural ingredients), มีรสชาติอร่อย (Tasty), เพื่อสุขภาพที่ดี (For healthy lifestyles), เป็นแบรนด์ญี่ปุ่น (Japan brand)",ไม่รู้,ผลิตพันธุ์จากธรรมชาติ,2,"การรับรองจากหน่วยงานด้านอาหาร, การรับรองมาตรฐานการผลิตจากญี่ปุ่น",ดอยคำ สื่อ,รู้จัก แต่ไม่เคยทาน,,,,,,,น่าจะเหมือนฮานาโร,ไม่เชื่อ,ไม่เชื่อเพราะไม่เห็นขั้นตอนผลิต,ชอบรสเข้มข้น อยากลอง,กลิ่นกุ้งเน้นๆ,น่าจะอร่อยขึ้น,พักดูหนัง,,30-39ปี,ชาย
12/2/2024 13:15:59,เคย,คาลโวร่า,"H, K, N","คาลโวร่า, เอบินาริ, ฮานาโร, แบ็กซ์, พัฟโมริ, สแน็คแบ๊ค","คาลโวร่า, ฮานาโร, แบ็กซ์, พัฟโมริ",ปานกลาง,มีผลมากที่สุด,ไม่มีผลเลย,ปานกลาง,ไม่มีผลเลย,เวลาเมา,ใช่ เป็นของ Calvora,ใช่ เป็นของ Calvora,ใช่ เป็นของ Calvora,ใช่ เป็นของ Calvora,ใช่ เป็นของ Calvora,ใช่ เป็นของ Calvora,ใช่ เป็นของ Calvora,ใช่ เป็นของ Calvora,ใช่ เป็นของ Calvora,ใช่ เป็นของ Calvora,ใช่ เป็นของ Calvora,"มีรสชาติอร่อย (Tasty), มีคุณภาพดี (Good quality), เป็นแบรนด์ญี่ปุ่น (Japan brand)",ไม่รู้,ขนมที่บ่มพลังงานจากแสงแดดและทุ่งหญ้าป่าเขาลำเนาไพร เข้าไว้ในขนมทุกห่อ,4,"แหล่งที่มาของวัตถุดิบ, เห็นขั้นตอนของการเก็บเกี่ยววัตถุดิบ, ข้อมูลเกี่ยวกับกระบวนการผลิต, การรับรองจากหน่วยงานด้านอาหาร, การรับรองมาตรฐานการผลิตจากญี่ปุ่น",โอ้กะจู๋,รู้จัก และเคยทาน,"Original, หมึกย่างสาหร่าย",ฮานาโร เค็ม,ไม่เชื่อ,ซื้อขนมกินไม่ได้สนใจอยุ่แล้วว่าทำมาจากเนื้อสัตว์ไหม,ไม่ลอง,โอมากาเสะ,,,,ไม่อยากลอง,,,,ของเดิม ลงตัวอยุ่แล้วนะจ้ะ,30-39ปี,ชาย
12/2/2024 13:23:37,เคย,ข้าวเกรียบกุ้ง,"H, I, K, N, O, Q","คาลโวร่า, เอบินาริ, เอบินาริ X, ฮานาโร, แบ็กซ์, พัฟโมริ, Jomona, บิบิป๊อป, สแน็คแบ๊ค, Veggie Snap, ฟรูทร่า","คาลโวร่า, เอบินาริ, เอบินาริ X, ฮานาโร, แบ็กซ์, พัฟโมริ, Jomona, บิบิป๊อป, สแน็คแบ๊ค, Veggie Snap, ฟรูทร่า",มีผลมาก,มีผลมาก,ปานกลาง,มีผลมาก,ปานกลาง,ดู TV,ใช่ เป็นของ Calvora,ใช่ เป็นของ Calvora,ใช่ เป็นของ Calvora,ไม่ใช่,ไม่ใช่,ไม่ใช่,ใช่ เป็นของ Calvora,ไม่ใช่,ไม่ใช่,ใช่ เป็นของ Calvora,ใช่ เป็นของ Calvora,"มีรสชาติอร่อย (Tasty), มีคุณภาพดี (Good quality), เป็นแบรนด์ญี่ปุ่น (Japan brand)",รู้,เก็บเกี่ยวพลังจากธรรมชาติ,3,"แหล่งที่มาของวัตถุดิบ, การรับรองจากหน่วยงานด้านอาหาร, การรับรองมาตรฐานการผลิตจากญี่ปุ่น, เป็นผลิตภัณฑ์นำเข้าจากญี่ปุ่น",The Body Shop เพราะเป็นเครื่องสำอางที่เน้นการใช้วัตถุดิบธรรมชาติ,รู้จัก และเคยทาน,"Original, ต้มยำกุ้ง, Extra BBQ",อยากลอง,เชื่อ,ดูฉลาก,ลอง,ได้หมด แต่ไม่ชอบพวกปลาหมึกและที่เผ็ดเกินไป,,,,ไม่อยากลอง,,,,ชอบรสชาตกลาง และลองรสบาร์บีคิวแล้วไม่ค่อยชอบ,40-49ปี,หญิง
12/2/2024 13:24:46,เคย,มันฝรั่ง,"H, I, J, K, O, P, Q","คาลโวร่า, ฮานาโร, แบ็กซ์, พัฟโมริ, Jomona, สแน็คแบ๊ค, Veggie Snap, ฟรูทร่า","คาลโวร่า, ฮานาโร, แบ็กซ์, พัฟโมริ, Jomona, สแน็คแบ๊ค, Veggie Snap, ฟรูทร่า",มีผลมาก,มีผลมากที่สุด,มีผลมาก,มีผลมาก,ปานกลาง,งานปาร์ตี้,ใช่ เป็นของ Calvora,ไม่ใช่,ไม่ใช่,ไม่ใช่,ไม่ใช่,ไม่ใช่,ใช่ เป็นของ Calvora,ไม่ใช่,ไม่ใช่,ใช่ เป็นของ Calvora,ใช่ เป็นของ Calvora,"มีรสชาติอร่อย (Tasty), มีคุณภาพดี (Good quality), เป็นแบรนด์ญี่ปุ่น (Japan brand)",ไม่รู้,ก็อะไรที่ได้มาจากธรรมชาติ,1,"การรับรองมาตรฐานการผลิตจากญี่ปุ่น, เป็นผลิตภัณฑ์นำเข้าจากญี่ปุ่น",,รู้จัก แต่ไม่เคยทาน,,,,,,,ไม่เคยเห็น,ไม่เชื่อ,ต้องเห็นก่อนลองก่อน,ชอบรสเข้มข้น อยากลอง,No idea yet / maybe like “Senbei” snack,อร่อย,Snack time,,40-49ปี,LGBTQ+
12/2/2024 13:27:50,เคย,ข้าวเกรียบกุ้งของญี่ปุ่น,"H, K","คาลโวร่า, ฮานาโร, แบ็กซ์, พัฟโมริ, สแน็คแบ๊ค","คาลโวร่า, ฮานาโร, แบ็กซ์",มีผลมาก,มีผลมากที่สุด,ปานกลาง,มีผลมากที่สุด,ไม่มีผล,ดูหนัง NetFlix,ใช่ เป็นของ Calvora,ไม่ใช่,ไม่ใช่,ไม่ใช่,ไม่ใช่,ไม่ใช่,ไม่ใช่,ไม่ใช่,ไม่ใช่,ไม่ใช่,ไม่ใช่,"ใช้วัตถุดิบจากธรรมชาติ (Use natural ingredients), ทำจากเนื้อสัตว์แท้ (From real meat), มีรสชาติอร่อย (Tasty), มีคุณภาพดี (Good quality), เป็นแบรนด์ญี่ปุ่น (Japan brand)",ไม่รู้,ทำจากวัตถุดิบธรรมชาติ,5,"แหล่งที่มาของวัตถุดิบ, การรับรองมาตรฐานการผลิตจากญี่ปุ่น, เป็นผลิตภัณฑ์นำเข้าจากญี่ปุ่น, เชื่อมั่นคนญึ่ปุ่นเป็นคนซื่อสัตย์ไม่ over claim",อะยิโนโมโต๊ะ,ไม่รู้จักเลย,,,,,,,,,,,,,,,50ปี ขึ้นไป,หญิง
12/2/2024 13:28:37,เคย,โจโมน่า,"H, K, Q","คาลโวร่า, ฮานาโร, แบ็กซ์, พัฟโมริ, Jomona, บิบิป๊อป, สแน็คแบ๊ค","คาลโวร่า, ฮานาโร, แบ็กซ์, พัฟโมริ, Jomona, สแน็คแบ๊ค",มีผลมาก,มีผลมากที่สุด,ปานกลาง,มีผลมาก,ปานกลาง,ทำงาน,ใช่ เป็นของ Calvora,ใช่ เป็นของ Calvora,ใช่ เป็นของ Calvora,ไม่ใช่,ไม่ใช่,ไม่ใช่,ใช่ เป็นของ Calvora,ไม่ใช่,ไม่ใช่,ไม่ใช่,ใช่ เป็นของ Calvora,"มีรสชาติอร่อย (Tasty), มีคุณภาพดี (Good quality), เป็นแบรนด์ญี่ปุ่น (Japan brand)",ไม่รู้,เก็บเกี่ยวจากผลผลิตธรรมชาติ,3,เป็นผลิตภัณฑ์นำเข้าจากญี่ปุ่น,,รู้จัก แต่ไม่เคยทาน,,,,,,,ปริมาณเยอะ อยากลองชิมก่อน,เชื่อ,กลิ่น,ชอบรสเข้มข้น อยากลอง,เค็มมากขึ้น,เพราะเข้มข้นขึ้น,น้ำอัดลม,,30-39ปี,หญิง
12/2/2024 13:30:26,เคย,ข้าวเกรียบกุ้ง,"H, K","คาลโวร่า, ฮานาโร, แบ็กซ์, พัฟโมริ, บิบิป๊อป, สแน็คแบ๊ค","คาลโวร่า, ฮานาโร, แบ็กซ์, พัฟโมริ, บิบิป๊อป, สแน็คแบ๊ค",มีผลมาก,มีผลมากที่สุด,ปานกลาง,มีผลมากที่สุด,มีผลมาก,ดูยูทูป,ใช่ เป็นของ Calvora,ไม่ใช่,ไม่ใช่,ไม่ใช่,ใช่ เป็นของ Calvora,ใช่ เป็นของ Calvora,ไม่ใช่,ไม่ใช่,ใช่ เป็นของ Calvora,ไม่ใช่,ไม่ใช่,"มีรสชาติอร่อย (Tasty), มีคุณภาพดี (Good quality), เป็นแบรนด์ญี่ปุ่น (Japan brand)",ไม่รู้,เก็บเกี่ยวผลผลิตจากธรรมชาติ,2,"การรับรองจากหน่วยงานด้านอาหาร, การรับรองมาตรฐานการผลิตจากญี่ปุ่น, เป็นผลิตภัณฑ์นำเข้าจากญี่ปุ่น",ผักสลัด เพราะเก็บจากธรรมชาติจริงๆ,รู้จัก และเคยทาน,Original,แม่ซื้อมา,เชื่อ,มีรูปกุ้งหน้าซอง,ไม่ลอง,ชอบรสออริจินอล,,,,ชอบรสเข้มข้น อยากลอง,ออริจินอล,อร่อย,ช่วงที่รู้สึกปากว่างๆ,,20-29ปี,หญิง
12/2/2024 13:31:11,ไม่เคย,,,,,,,,,,,,,,,,,,,,,,,,,,,,,,,,,,,,,,,,,,,,
12/2/2024 13:32:05,เคย,ขนมขบเคี้ยว,"H, I, J, K, L, M, N, O, P, Q","คาลโวร่า, เอบินาริ, ฮานาโร, แบ็กซ์, พัฟโมริ, Jomona, สแน็คแบ๊ค, Veggie Snap","คาลโวร่า, ฮานาโร, Jomona, สแน็คแบ๊ค, Veggie Snap",มีผลมากที่สุด,มีผลมากที่สุด,ปานกลาง,มีผลมากที่สุด,มีผลมากที่สุด,ดูหนัง,ใช่ เป็นของ Calvora,ใช่ เป็นของ Calvora,ใช่ เป็นของ Calvora,ใช่ เป็นของ Calvora,ไม่ใช่,ไม่ใช่,ใช่ เป็นของ Calvora,ไม่ใช่,ไม่ใช่,ใช่ เป็นของ Calvora,ไม่ใช่,"ใช้วัตถุดิบจากธรรมชาติ (Use natural ingredients), มีรสชาติอร่อย (Tasty), มีคุณภาพดี (Good quality), เป็นแบรนด์ญี่ปุ่น (Japan brand)",ไม่รู้,การเก็บเกี่ยวคุณค่าจากธรรมชาติ,5,"การรับรองมาตรฐานการผลิตจากญี่ปุ่น, เป็นผลิตภัณฑ์นำเข้าจากญี่ปุ่น",ADe La Lita - Almond chips,รู้จัก และเคยทาน,Original,แบรนด์น่าเชื่อถือ,ไม่เชื่อ,มีส่วนผสมอย่างแป้งประกอบ จากขนมส่วนใหญ่,ลอง,คั่วพริกเกลือ,,,,ชอบรสเข้มข้น อยากลอง,จัดจ้าน,ทานแล้วมีรสชาติในขณะที่ทาน,ช่วงเวลาพัก ดูหนัง กับน้ำโซดา,,40-49ปี,หญิง
12/2/2024 13:36:09,เคย,ข้าวเกรียบกุ้ง,"H, K",คาลโวร่า,"คาลโวร่า, ฮานาโร, แบ็กซ์, พัฟโมริ, สแน็คแบ๊ค",มีผลมาก,มีผลมากที่สุด,ปานกลาง,มีผลมากที่สุด,ไม่มีผล,ตอนทำงาน,ใช่ เป็นของ Calvora,ใช่ เป็นของ Calvora,ใช่ เป็นของ Calvora,ไม่ใช่,ไม่ใช่,ไม่ใช่,ไม่ใช่,ไม่ใช่,ไม่ใช่,ไม่ใช่,ไม่ใช่,"มีรสชาติอร่อย (Tasty), มีคุณภาพดี (Good quality)",ไม่รู้,ใช้วัตถุดิบจากธรรมชาติ,4,เป็นแบรนด์ที่มีและอยู่ได้มานาน,Innisfree เพราะใช้ส่วนผสมจากธรรมชาติ,ไม่รู้จักเลย,,,,,,,,,,,,,,,30-39ปี,หญิง
12/2/2024 13:39:25,เคย,ขนมอบกรอบ เค็ม มีกุ้งที่ถุง,"H, K","คาลโวร่า, เอบินาริ, ฮานาโร, แบ็กซ์, พัฟโมริ, บิบิป๊อป, สแน็คแบ๊ค, Veggie Snap","คาลโวร่า, ฮานาโร, แบ็กซ์, พัฟโมริ, บิบิป๊อป, สแน็คแบ๊ค, Veggie Snap",มีผลมากที่สุด,มีผลมากที่สุด,มีผลมากที่สุด,มีผลมากที่สุด,มีผลมากที่สุด,คอนเน่,ใช่ เป็นของ Calvora,ใช่ เป็นของ Calvora,ไม่ใช่,ไม่ใช่,ไม่ใช่,ไม่ใช่,ไม่ใช่,ไม่ใช่,ไม่ใช่,ไม่ใช่,ไม่ใช่,เพื่อสุขภาพที่ดี (For healthy lifestyles),ไม่รู้,ดีต่อสุขภาพ ไ่ม่ทอด,4,ข้อมูลเกี่ยวกับกระบวนการผลิต,คอนเน่ เพราะว่ารู้สึกถึงรสข้าวโพด เนื้อสัมผัสต่างๆ ไม่เหมือนกินขนมอบกรอบแบบอื่น,รู้จัก และเคยทาน,Original,เพราะว่าไม่ทอด,ไม่เชื่อ,เพราะว่าเป็นชนมอบกรอบ,ไม่ลอง,ไม่แน่ใจ,,,,ชอบรสเข้มข้น อยากลอง,ได้กลิ่นหอมเนื้อสัตว์ ไม่ใช่แค่กินกลิ่นเค็ม,ไม่ชอบกินจืด,กินตอนดูหนัง พักผ่อน เล่นมือถือ,,30-39ปี,หญิง
12/2/2024 13:40:13,เคย,ขนมกรุบกรอบ ที่เป็นแท่ง,"H, I, J, K, O","คาลโวร่า, ฮานาโร, แบ็กซ์, พัฟโมริ, Jomona, บิบิป๊อป, สแน็คแบ๊ค","คาลโวร่า, ฮานาโร, พัฟโมริ, Jomona, สแน็คแบ๊ค",ปานกลาง,มีผลมาก,มีผลมาก,มีผลมาก,มีผลมาก,ชิว แฮงเอ้า ดูหนัง หรือเวลาทำงานแล้วอยากหาอะไรเข้าปาก,ใช่ เป็นของ Calvora,ไม่ใช่,ไม่ใช่,ไม่ใช่,ไม่ใช่,ไม่ใช่,ใช่ เป็นของ Calvora,ไม่ใช่,ไม่ใช่,ไม่ใช่,ไม่ใช่,"ทำจากเนื้อสัตว์แท้ (From real meat), มีรสชาติอร่อย (Tasty)",ไม่รู้,ต้องหารให้เข้าใจที่แหล่งที่มาของวัตถุดิบ,4,มีมานาน,สาหร่าย,ไม่รู้จักเลย,,,,,,,,,,,,,,,30-39ปี,หญิง
12/2/2024 13:56:40,เคย,แบ็ก,"H, L, M, O","ฮานาโร, แบ็กซ์, พัฟโมริ, บิบิป๊อป, สแน็คแบ๊ค, Veggie Snap","ฮานาโร, แบ็กซ์, พัฟโมริ, บิบิป๊อป, สแน็คแบ๊ค, Veggie Snap",ปานกลาง,มีผลมาก,ไม่มีผลเลย,ปานกลาง,มีผลมากที่สุด,ตอนว่าง / ท้องว่าง,ใช่ เป็นของ Calvora,ใช่ เป็นของ Calvora,ใช่ เป็นของ Calvora,ใช่ เป็นของ Calvora,ใช่ เป็นของ Calvora,ใช่ เป็นของ Calvora,ใช่ เป็นของ Calvora,ใช่ เป็นของ Calvora,ใช่ เป็นของ Calvora,ใช่ เป็นของ Calvora,ไม่ใช่,"มีรสชาติอร่อย (Tasty), เพื่อสุขภาพที่ดี (For healthy lifestyles), เป็นแบรนด์ญี่ปุ่น (Japan brand)",ไม่รู้,ใช้ผลิตภัณฑ์ที่มาจากธรรมชาติ,4,"แหล่งที่มาของวัตถุดิบ, เป็นผลิตภัณฑ์นำเข้าจากญี่ปุ่น",ดอยคำ มีแบรนด์ที่ยาวนาน associate กับคนไทย,ไม่รู้จักเลย,,,,,,,,,,,,,,,20-29ปี,LGBTQ+
12/2/2024 14:04:09,เคย,ขนมขบเคี้ยว แท่งๆ,"H, K","คาลโวร่า, ฮานาโร, แบ็กซ์, พัฟโมริ, Jomona, บิบิป๊อป, สแน็คแบ๊ค, Veggie Snap","คาลโวร่า, ฮานาโร, แบ็กซ์, พัฟโมริ, Jomona, บิบิป๊อป, สแน็คแบ๊ค, Veggie Snap",ไม่มีผล,มีผลมากที่สุด,มีผลมาก,มีผลมากที่สุด,มีผลมาก,อยากขนม,ใช่ เป็นของ Calvora,ไม่ใช่,ไม่ใช่,ไม่ใช่,ไม่ใช่,ไม่ใช่,ใช่ เป็นของ Calvora,ไม่ใช่,ไม่ใช่,ไม่ใช่,ไม่ใช่,"มีรสชาติอร่อย (Tasty), เป็นแบรนด์ญี่ปุ่น (Japan brand)",ไม่รู้,วัตถุดิยคัดสรรจากธรรมชาติ,2,แหล่งที่มาของวัตถุดิบ,Dairy Home,ไม่รู้จักเลย,,,,,,,,,,,,,,,30-39ปี,หญิง
12/2/2024 14:16:42,เคย,กุ้ง,"K, M","คาลโวร่า, ฮานาโร, แบ็กซ์, พัฟโมริ, บิบิป๊อป, สแน็คแบ๊ค, Veggie Snap","คาลโวร่า, ฮานาโร, แบ็กซ์, พัฟโมริ, บิบิป๊อป, Veggie Snap",มีผลมาก,มีผลมาก,มีผลมาก,มีผลมากที่สุด,มีผลมากที่สุด,ว่าง,ใช่ เป็นของ Calvora,ไม่ใช่,ไม่ใช่,ใช่ เป็นของ Calvora,ไม่ใช่,ไม่ใช่,ไม่ใช่,ใช่ เป็นของ Calvora,ใช่ เป็นของ Calvora,ไม่ใช่,ไม่ใช่,"มีรสชาติอร่อย (Tasty), มีคุณภาพดี (Good quality)",รู้,สุขภ,3,การรับรองมาตรฐานการผลิตจากญี่ปุ่น,เกรียบกุ้ง,รู้จัก และเคยทาน,Original,ลองชิม,เชื่อ,กลิ่นกุ้ง,ลอง,ปู,,,,ชอบรสเข้มข้น อยากลอง,ต้มยำ,ติดปาก,เบียร์,,20-29ปี,หญิง
12/2/2024 14:18:29,เคย,กุ้ง,"K, L","ฮานาโร, แบ็กซ์, พัฟโมริ, สแน็คแบ๊ค","ฮานาโร, แบ็กซ์, พัฟโมริ, สแน็คแบ๊ค",ปานกลาง,มีผลมาก,ปานกลาง,มีผลมาก,ไม่มีผล,เล่นเกม,ใช่ เป็นของ Calvora,ใช่ เป็นของ Calvora,ใช่ เป็นของ Calvora,ใช่ เป็นของ Calvora,ใช่ เป็นของ Calvora,ใช่ เป็นของ Calvora,ใช่ เป็นของ Calvora,ไม่ใช่,ใช่ เป็นของ Calvora,ไม่ใช่,ใช่ เป็นของ Calvora,เป็นแบรนด์ญี่ปุ่น (Japan brand),ไม่รู้,ธรรมชาติ,2,เป็นผลิตภัณฑ์นำเข้าจากญี่ปุ่น,,ไม่รู้จักเลย,,,,,,,,,,,,,,,20-29ปี,ชาย
12/2/2024 14:30:58,เคย,ตัวหนังสือสีแดง,H,คาลโวร่า,"คาลโวร่า, ฮานาโร, แบ็กซ์, พัฟโมริ, สแน็คแบ๊ค",มีผลมากที่สุด,มีผลมากที่สุด,ปานกลาง,มีผลมากที่สุด,มีผลมาก,ปากว่าง,ใช่ เป็นของ Calvora,ไม่ใช่,ไม่ใช่,ไม่ใช่,ใช่ เป็นของ Calvora,ไม่ใช่,ไม่ใช่,ไม่ใช่,ไม่ใช่,ไม่ใช่,ไม่ใช่,มีรสชาติอร่อย (Tasty),ไม่รู้,ไม่สนใจ,4,แหล่งที่มาของวัตถุดิบ,รังนก brands scot,ไม่รู้จักเลย,,,,,,,,,,,,,,,30-39ปี,หญิง
12/2/2024 14:32:30,เคย,ขนมกรอบๆ คล้ายๆฮานาโร,"H, K","คาลโวร่า, ฮานาโร, แบ็กซ์, พัฟโมริ, Jomona, บิบิป๊อป, สแน็คแบ๊ค, Veggie Snap","คาลโวร่า, ฮานาโร, แบ็กซ์, พัฟโมริ, Jomona, บิบิป๊อป, สแน็คแบ๊ค",มีผลมาก,มีผลมากที่สุด,ปานกลาง,มีผลมาก,มีผลมากที่สุด,ทำงาน ดูหนัง,ใช่ เป็นของ Calvora,ไม่ใช่,ไม่ใช่,ไม่ใช่,ใช่ เป็นของ Calvora,ใช่ เป็นของ Calvora,ใช่ เป็นของ Calvora,ไม่ใช่,ใช่ เป็นของ Calvora,ไม่ใช่,ไม่ใช่,"มีรสชาติอร่อย (Tasty), เป็นแบรนด์ญี่ปุ่น (Japan brand)",ไม่รู้,มีกระบวนการผลิตจากธรรมชาติ หือมีส่วนผสมจากธรรมชาติ,3,"แหล่งที่มาของวัตถุดิบ, การรับรองจากหน่วยงานด้านอาหาร, การรับรองมาตรฐานการผลิตจากญี่ปุ่น",อายิโนะโมะโต๊ะ,รู้จัก และเคยทาน,Original,อยากลอง,ไม่เชื่อ,ต้นทุนน่าจะสูงมากเกินกว่าจะเอามาทำขนม,ไม่ลอง,-,,,,ชอบรสเข้มข้น อยากลอง,เข้มข้น เค็มๆ,ผงชูรสนัวนัว ^^,ทำงาน ดูหนัง กินกับน้ำเปล่า,,30-39ปี,หญิง
12/2/2024 16:45:39,เคย,ข้าวเกรียบ มันฝรั่งแผ่น,"H, K, O","คาลโวร่า, เอบินาริ, เอบินาริ X, ฮานาโร, แบ็กซ์, พัฟโมริ, Jomona, บิบิป๊อป, สแน็คแบ๊ค","คาลโวร่า, เอบินาริ, เอบินาริ X, ฮานาโร, แบ็กซ์, พัฟโมริ, Jomona, บิบิป๊อป, สแน็คแบ๊ค, Veggie Snap",มีผลมากที่สุด,มีผลมากที่สุด,ไม่มีผล,มีผลมากที่สุด,ไม่มีผล,เวลาอาหาร,ใช่ เป็นของ Calvora,ใช่ เป็นของ Calvora,ใช่ เป็นของ Calvora,ไม่ใช่,ไม่ใช่,ไม่ใช่,ใช่ เป็นของ Calvora,ไม่ใช่,ไม่ใช่,ไม่ใช่,ไม่ใช่,"มีรสชาติอร่อย (Tasty), มีคุณภาพดี (Good quality), เป็นแบรนด์ญี่ปุ่น (Japan brand)",ไม่รู้,วัตถุสังเคราะห์น้อย,4,"การรับรองจากหน่วยงานด้านอาหาร, การรับรองมาตรฐานการผลิตจากญี่ปุ่น, เป็นผลิตภัณฑ์นำเข้าจากญี่ปุ่น",ทาโร่,รู้จัก และเคยทาน,"Original, ต้มยำกุ้ง",ลองเฉยๆ,เชื่อ,มันเป็นเรื่องปกติ,ลอง,รสแบบชีโตสเฟรมมิ่ง,,,,ชอบรสเข้มข้น อยากลอง,เค็มเผ็ด,ตื่นตัวดีแบบคารามูโจ้,กินระหว่างทำงาน,,40-49ปี,ชาย
12/2/2024 18:01:25,เคย,ข้าวเกรียบกุ้ง,"H, K, N","คาลโวร่า, เอบินาริ, ฮานาโร, พัฟโมริ, สแน็คแบ๊ค","คาลโวร่า, เอบินาริ, ฮานาโร, พัฟโมริ, สแน็คแบ๊ค",มีผลมากที่สุด,มีผลมากที่สุด,มีผลมาก,มีผลมากที่สุด,มีผลมากที่สุด,ช่วงปาร์ตี้,ใช่ เป็นของ Calvora,ใช่ เป็นของ Calvora,ใช่ เป็นของ Calvora,ไม่ใช่,ไม่ใช่,ไม่ใช่,ไม่ใช่,ไม่ใช่,ไม่ใช่,ไม่ใช่,ไม่ใช่,"มีรสชาติอร่อย (Tasty), มีคุณภาพดี (Good quality), เป็นแบรนด์ญี่ปุ่น (Japan brand)",ไม่รู้,เก็บเกี่ยวด้วยพลังธรรมชาติ,3,"การรับรองมาตรฐานการผลิตจากญี่ปุ่น, เป็นผลิตภัณฑ์นำเข้าจากญี่ปุ่น",,รู้จัก และเคยทาน,Original,รสชาติดี,เชื่อ,วัตถุดิบจากธรรมชาติบางส่วน,ลอง,เห็ด ผสมกระเทียมพริกไทย,,,,ไม่อยากลอง,,,,เข้มข้นมาก ผงปรุงรสก็มากตาม,50ปี ขึ้นไป,ชาย
12/2/2024 18:25:46,เคย,ข้าวเกรียบ,"H, K","คาลโวร่า, สแน็คแบ๊ค","คาลโวร่า, สแน็คแบ๊ค",มีผลมากที่สุด,มีผลมากที่สุด,มีผลมากที่สุด,มีผลมากที่สุด,มีผลมากที่สุด,ดูหนัง,ใช่ เป็นของ Calvora,ใช่ เป็นของ Calvora,ใช่ เป็นของ Calvora,ไม่ใช่,ไม่ใช่,ไม่ใช่,ไม่ใช่,ไม่ใช่,ไม่ใช่,ไม่ใช่,ไม่ใช่,มีรสชาติอร่อย (Tasty),ไม่รู้,ทำจากธรรมชาติ,3,เป็นผลิตภัณฑ์นำเข้าจากญี่ปุ่น,อาหาร,รู้จัก และเคยทาน,Original,ชอบ,เชื่อ,เพราะมี อย,ลอง,ถั่วลันเตา,,,,ชอบรสเข้มข้น อยากลอง,ไม่แน่ใจ,อร่อย,ดูหนัง คู่กับเบียร์,,50ปี ขึ้นไป,ชาย
12/2/2024 18:28:01,เคย,ข้าวเกรียบกุ้ง,"H, K, L, Q","คาลโวร่า, ฮานาโร, แบ็กซ์, พัฟโมริ, สแน็คแบ๊ค","คาลโวร่า, ฮานาโร, สแน็คแบ๊ค",มีผลมากที่สุด,มีผลมากที่สุด,ไม่มีผล,มีผลมาก,มีผลมากที่สุด,ปาร์ตี้,ใช่ เป็นของ Calvora,ไม่ใช่,ไม่ใช่,ไม่ใช่,ไม่ใช่,ไม่ใช่,ไม่ใช่,ไม่ใช่,ไม่ใช่,ไม่ใช่,ไม่ใช่,มีรสชาติอร่อย (Tasty),ไม่รู้,ผลิตภัณฑ์สีเขียว,3,"แหล่งที่มาของวัตถุดิบ, ข้อมูลเกี่ยวกับกระบวนการผลิต",,ไม่รู้จักเลย,,,,,,,,,,,,,,,50ปี ขึ้นไป,ชาย
12/2/2024 18:41:11,เคย,ข้าวเกรียบกุ้ง,"H, K, O","คาลโวร่า, เอบินาริ, ฮานาโร, แบ็กซ์, พัฟโมริ, สแน็คแบ๊ค","คาลโวร่า, เอบินาริ, ฮานาโร, แบ็กซ์, พัฟโมริ, สแน็คแบ๊ค",มีผลมากที่สุด,มีผลมากที่สุด,มีผลมากที่สุด,มีผลมากที่สุด,ปานกลาง,ดูหนัง,ใช่ เป็นของ Calvora,ใช่ เป็นของ Calvora,ใช่ เป็นของ Calvora,ไม่ใช่,ใช่ เป็นของ Calvora,ไม่ใช่,ไม่ใช่,ไม่ใช่,ไม่ใช่,ไม่ใช่,ไม่ใช่,"ใช้วัตถุดิบจากธรรมชาติ (Use natural ingredients), ทำจากเนื้อสัตว์แท้ (From real meat), มีรสชาติอร่อย (Tasty), มีคุณภาพดี (Good quality), เป็นแบรนด์ญี่ปุ่น (Japan brand)",ไม่รู้,ไม่ใช้สารเคมี,3,"แหล่งที่มาของวัตถุดิบ, เห็นขั้นตอนของการเก็บเกี่ยววัตถุดิบ, ข้อมูลเกี่ยวกับกระบวนการผลิต, การรับรองมาตรฐานการผลิตจากญี่ปุ่น",Brand รังนก,รู้จัก และเคยทาน,Original,ไม่มีคาลโวร่า,เชื่อ,ได้รสกุ้ง,ไม่ลอง,ไม่ต้องมี,,,,ชอบรสเข้มข้น อยากลอง,เค็มกว่าเดิม,อร่อย,ดูหนัง ชาเย็ย,,50ปี ขึ้นไป,ชาย
12/2/2024 18:44:09,เคย,ข้าวเกรียบกุ้ง,"H, K, N","คาลโวร่า, ฮานาโร, บิบิป๊อป, สแน็คแบ๊ค","คาลโวร่า, ฮานาโร, บิบิป๊อป, สแน็คแบ๊ค",มีผลมาก,มีผลมาก,ปานกลาง,มีผลมาก,มีผลมาก,ดูหนัง,ใช่ เป็นของ Calvora,ไม่ใช่,ไม่ใช่,ไม่ใช่,ไม่ใช่,ไม่ใช่,ไม่ใช่,ใช่ เป็นของ Calvora,ใช่ เป็นของ Calvora,ไม่ใช่,ไม่ใช่,"ใช้วัตถุดิบจากธรรมชาติ (Use natural ingredients), มีรสชาติอร่อย (Tasty)",ไม่รู้,ใช้วัตถุดิบธรรมชาติเป็นส่วนผสม,3,"แหล่งที่มาของวัตถุดิบ, เห็นขั้นตอนของการเก็บเกี่ยววัตถุดิบ, การรับรองมาตรฐานการผลิตจากญี่ปุ่น",สาหร่าย ตี๋น้อย,ไม่รู้จักเลย,,,,,,,,,,,,,,,50ปี ขึ้นไป,ชาย
12/2/2024 18:49:58,ไม่เคย,,,,,,,,,,,,,,,,,,,,,,,,,,,,,,,,,,,,,,,,,,,,
12/2/2024 18:54:59,เคย,ข้าวเกรียบกุ้ง,"H, K","คาลโวร่า, ฮานาโร, แบ็กซ์, พัฟโมริ, สแน็คแบ๊ค","คาลโวร่า, ฮานาโร, แบ็กซ์, พัฟโมริ, สแน็คแบ๊ค",ปานกลาง,มีผลมากที่สุด,ปานกลาง,มีผลมากที่สุด,ปานกลาง,ตอนว่างๆ,ใช่ เป็นของ Calvora,ไม่ใช่,ไม่ใช่,ไม่ใช่,ไม่ใช่,ไม่ใช่,ไม่ใช่,ไม่ใช่,ไม่ใช่,ไม่ใช่,ไม่ใช่,เป็นแบรนด์ญี่ปุ่น (Japan brand),ไม่รู้,-,1,การรับรองจากหน่วยงานด้านอาหาร,ไม่มี,ไม่รู้จักเลย,,,,,,,,,,,,,,,50ปี ขึ้นไป,ชาย
12/2/2024 19:00:02,เคย,ข้าวเกรียบกุ้ง,"H, K, L, O, Q","คาลโวร่า, ฮานาโร","คาลโวร่า, ฮานาโร",มีผลมากที่สุด,มีผลมากที่สุด,มีผลมากที่สุด,มีผลมากที่สุด,มีผลมากที่สุด,ทุกดวลา,ใช่ เป็นของ Calvora,ไม่ใช่,ไม่ใช่,ไม่ใช่,ไม่ใช่,ไม่ใช่,ไม่ใช่,ไม่ใช่,ไม่ใช่,ไม่ใช่,ไม่ใช่,"ใช้วัตถุดิบจากธรรมชาติ (Use natural ingredients), ทำจากเนื้อสัตว์แท้ (From real meat), มีรสชาติอร่อย (Tasty), มีคุณภาพดี (Good quality), เพื่อสุขภาพที่ดี (For healthy lifestyles)",ไม่รู้,มีพลังงานธรรมชาติแฝง,3,"การรับรองจากหน่วยงานด้านอาหาร, เป็นผลิตภัณฑ์นำเข้าจากญี่ปุ่น",ไม่ทราบ,ไม่รู้จักเลย,,,,,,,,,,,,,,,50ปี ขึ้นไป,ชาย
12/2/2024 19:29:44,เคย,ข้าวเกรียบ,"K, L","คาลโวร่า, ฮานาโร, แบ็กซ์, พัฟโมริ, สแน็คแบ๊ค","คาลโวร่า, ฮานาโร, สแน็คแบ๊ค",มีผลมากที่สุด,มีผลมากที่สุด,ไม่มีผล,มีผลมากที่สุด,ปานกลาง,กินเหล้า,ใช่ เป็นของ Calvora,ไม่ใช่,ไม่ใช่,ไม่ใช่,ไม่ใช่,ไม่ใช่,ไม่ใช่,ไม่ใช่,ไม่ใช่,ไม่ใช่,ไม่ใช่,เป็นแบรนด์ญี่ปุ่น (Japan brand),ไม่รู้,ไม่มีสารตกค้าง,3,"การรับรองจากหน่วยงานด้านอาหาร, การรับรองมาตรฐานการผลิตจากญี่ปุ่น",,ไม่รู้จักเลย,,,,,,,,,,,,,,,50ปี ขึ้นไป,ชาย
12/2/2024 19:39:15,เคย,ข้าวเกรียบ มันแท่ง,"H, I, K, L, N, O, Q","คาลโวร่า, ฮานาโร, แบ็กซ์, พัฟโมริ, สแน็คแบ๊ค","เอบินาริ, ฮานาโร, แบ็กซ์, พัฟโมริ",มีผลมากที่สุด,มีผลมากที่สุด,มีผลมากที่สุด,มีผลมากที่สุด,ไม่มีผล,ดูหนัง,ใช่ เป็นของ Calvora,ไม่ใช่,ไม่ใช่,ใช่ เป็นของ Calvora,ไม่ใช่,ไม่ใช่,ไม่ใช่,ไม่ใช่,ไม่ใช่,ไม่ใช่,ไม่ใช่,มีคุณภาพดี (Good quality),ไม่รู้,ธรรมชาติ,1,"การรับรองมาตรฐานการผลิตจากญี่ปุ่น, เป็นผลิตภัณฑ์นำเข้าจากญี่ปุ่น",ถั่วทอด มีประโยชน์,รู้จัก และเคยทาน,Original,กรอบ อร่อย,เชื่อ,รสชาติ,ลอง,วาซาบิ,,,,ชอบรสเข้มข้น อยากลอง,เผ็ด,อร่อย,ค่ำ คู่กับชา,,50ปี ขึ้นไป,หญิง
12/2/2024 19:45:59,เคย,ข้าวเกรียบ,"H, K, Q","คาลโวร่า, ฮานาโร, แบ็กซ์, พัฟโมริ, Jomona, สแน็คแบ๊ค","คาลโวร่า, ฮานาโร, แบ็กซ์, พัฟโมริ, Jomona, สแน็คแบ๊ค",มีผลมาก,มีผลมาก,ปานกลาง,มีผลมาก,มีผลมากที่สุด,ตอนเวลาพัก,ใช่ เป็นของ Calvora,ไม่ใช่,ไม่ใช่,ไม่ใช่,ใช่ เป็นของ Calvora,ไม่ใช่,ใช่ เป็นของ Calvora,ไม่ใช่,ไม่ใช่,ไม่ใช่,ไม่ใช่,"มีรสชาติอร่อย (Tasty), มีคุณภาพดี (Good quality)",ไม่รู้,ปลูกโดยใช้ วัตถุดิบทุกชนิดมาจากธรรมชาติ,3,"แหล่งที่มาของวัตถุดิบ, เห็นขั้นตอนของการเก็บเกี่ยววัตถุดิบ, การรับรองจากหน่วยงานด้านอาหาร",,ไม่รู้จักเลย,,,,,,,,,,,,,,,50ปี ขึ้นไป,หญิง
12/2/2024 20:12:38,เคย,ขนมอบกรอบ,K,"คาลโวร่า, ฮานาโร, สแน็คแบ๊ค","คาลโวร่า, ฮานาโร, สแน็คแบ๊ค",มีผลมากที่สุด,มีผลมาก,ปานกลาง,มีผลมาก,มีผลมาก,อาหารว่าง,ใช่ เป็นของ Calvora,ไม่ใช่,ไม่ใช่,ไม่ใช่,ไม่ใช่,ไม่ใช่,ไม่ใช่,ไม่ใช่,ไม่ใช่,ไม่ใช่,ไม่ใช่,"มีรสชาติอร่อย (Tasty), เป็นแบรนด์ญี่ปุ่น (Japan brand)",ไม่รู้,มาจากธรรมชาติ 100%,2,"แหล่งที่มาของวัตถุดิบ, การรับรองมาตรฐานการผลิตจากญี่ปุ่น",,ไม่รู้จักเลย,,,,,,,,,,,,,,,50ปี ขึ้นไป,ชาย
12/2/2024 20:44:54,เคย,ข้าวเกียบ,K,"คาลโวร่า, ฮานาโร, พัฟโมริ, สแน็คแบ๊ค","คาลโวร่า, ฮานาโร, สแน็คแบ๊ค",มีผลมากที่สุด,มีผลมากที่สุด,มีผลมากที่สุด,มีผลมากที่สุด,มีผลมาก,ดูหนัง,ใช่ เป็นของ Calvora,ไม่ใช่,ไม่ใช่,ไม่ใช่,ไม่ใช่,ใช่ เป็นของ Calvora,ไม่ใช่,ไม่ใช่,ใช่ เป็นของ Calvora,ไม่ใช่,ไม่ใช่,"มีรสชาติอร่อย (Tasty), เป็นแบรนด์ญี่ปุ่น (Japan brand)",ไม่รู้,ธรรมชาติ,4,"แหล่งที่มาของวัตถุดิบ, ข้อมูลเกี่ยวกับกระบวนการผลิต, การรับรองมาตรฐานการผลิตจากญี่ปุ่น",สาหร่าย,รู้จัก แต่ไม่เคยทาน,,,,,,,เฉยๆ,เชื่อ,ฉลากบอก,ชอบรสเข้มข้น อยากลอง,รสต้มยำ,ชอบ,ดูหนัง แป๊บซี่,,50ปี ขึ้นไป,หญิง
12/2/2024 20:58:32,ไม่เคย,,,,,,,,,,,,,,,,,,,,,,,,,,,,,,,,,,,,,,,,,,,,
12/2/2024 21:10:52,เคย,ข้าวเกรียบรวยเพื่อน,"H, K","คาลโวร่า, ฮานาโร, พัฟโมริ, สแน็คแบ๊ค","คาลโวร่า, ฮานาโร, พัฟโมริ, สแน็คแบ๊ค",มีผลมาก,มีผลมากที่สุด,มีผลมากที่สุด,มีผลมากที่สุด,มีผลมากที่สุด,ดื่ม,ใช่ เป็นของ Calvora,ไม่ใช่,ไม่ใช่,ใช่ เป็นของ Calvora,ไม่ใช่,ใช่ เป็นของ Calvora,ไม่ใช่,ไม่ใช่,ใช่ เป็นของ Calvora,ไม่ใช่,ไม่ใช่,"มีรสชาติอร่อย (Tasty), กรอบ",ไม่รู้,ใช้ผลิตภัณฑ์จากธรรมชาติ,1,การโฆษณา,เมจิ นมผลิตจากแม่วัว,ไม่รู้จักเลย,,,,,,,,,,,,,,,50ปี ขึ้นไป,หญิง
12/2/2024 21:25:23,เคย,ข้าวเกรียบ,K,"คาลโวร่า, ฮานาโร","คาลโวร่า, ฮานาโร",ปานกลาง,มีผลมาก,มีผลมาก,มีผลมาก,ปานกลาง,ดื่ม,ใช่ เป็นของ Calvora,ไม่ใช่,ไม่ใช่,ใช่ เป็นของ Calvora,ไม่ใช่,ไม่ใช่,ไม่ใช่,ไม่ใช่,ไม่ใช่,ไม่ใช่,ไม่ใช่,มีรสชาติอร่อย (Tasty),ไม่รู้,ไม่รู้,1,แหล่งที่มาของวัตถุดิบ,อัญชัน,รู้จัก และเคยทาน,Original,อร่อย,เชื่อ,รสชาติกุ้ง,ลอง,ลาบ,,,,ชอบรสเข้มข้น อยากลอง,ลาบ,รสจัด,เบียร์,,50ปี ขึ้นไป,LGBTQ+
12/2/2024 21:39:03,เคย,ข้าวเกรียบกุ้ง,"K, N, O, Q","คาลโวร่า, ฮานาโร, พัฟโมริ, สแน็คแบ๊ค","คาลโวร่า, ฮานาโร, พัฟโมริ, สแน็คแบ๊ค",มีผลมากที่สุด,มีผลมากที่สุด,มีผลมาก,มีผลมากที่สุด,มีผลมากที่สุด,ทุกเวลา,ใช่ เป็นของ Calvora,ไม่ใช่,ไม่ใช่,ไม่ใช่,ไม่ใช่,ไม่ใช่,ไม่ใช่,ไม่ใช่,ไม่ใช่,ไม่ใช่,ไม่ใช่,"มีรสชาติอร่อย (Tasty), เป็นแบรนด์ญี่ปุ่น (Japan brand)",ไม่รู้,รับพลังจากธรรมชาติ,3,"แหล่งที่มาของวัตถุดิบ, เห็นขั้นตอนของการเก็บเกี่ยววัตถุดิบ, ข้อมูลเกี่ยวกับกระบวนการผลิต, การรับรองมาตรฐานการผลิตจากญี่ปุ่น",Mister potato,ไม่รู้จักเลย,,,,,,,,,,,,,,,50ปี ขึ้นไป,หญิง
12/3/2024 6:53:07,เคย,ข้าวเกรีบบกุ้ง,"H, K","คาลโวร่า, ฮานาโร, พัฟโมริ, สแน็คแบ๊ค","คาลโวร่า, ฮานาโร, สแน็คแบ๊ค",มีผลมาก,มีผลมากที่สุด,ปานกลาง,มีผลมาก,ปานกลาง,หิว,ใช่ เป็นของ Calvora,ไม่ใช่,ไม่ใช่,ไม่ใช่,ไม่ใช่,ไม่ใช่,ไม่ใช่,ไม่ใช่,ไม่ใช่,ไม่ใช่,ไม่ใช่,"มีรสชาติอร่อย (Tasty), เป็นแบรนด์ญี่ปุ่น (Japan brand)",ไม่รู้,ทำจากวัตถุดิบธรรมชาติ,3,"การรับรองจากหน่วยงานด้านอาหาร, การรับรองมาตรฐานการผลิตจากญี่ปุ่น",,ไม่รู้จักเลย,,,,,,,,,,,,,,,50ปี ขึ้นไป,ชาย
12/3/2024 10:49:48,เคย,กุ้งและความเป็นญี่ปุ่น,"K, N, O","คาลโวร่า, ฮานาโร","คาลโวร่า, ฮานาโร, แบ็กซ์, พัฟโมริ, บิบิป๊อป, สแน็คแบ๊ค",มีผลมากที่สุด,มีผลมากที่สุด,ปานกลาง,มีผลมาก,ไม่มีผล,ท้องว่า,ใช่ เป็นของ Calvora,ไม่ใช่,ไม่ใช่,ใช่ เป็นของ Calvora,ไม่ใช่,ไม่ใช่,ใช่ เป็นของ Calvora,ไม่ใช่,ไม่ใช่,ใช่ เป็นของ Calvora,ใช่ เป็นของ Calvora,"ใช้วัตถุดิบจากธรรมชาติ (Use natural ingredients), มีรสชาติอร่อย (Tasty), เป็นแบรนด์ญี่ปุ่น (Japan brand)",ไม่รู้,ทำขนมออกมาด้วยวัตถุดิบที่ดีจากธรรมชาติ,1,"แหล่งที่มาของวัตถุดิบ, การรับรองมาตรฐานการผลิตจากญี่ปุ่น, เป็นผลิตภัณฑ์นำเข้าจากญี่ปุ่น",สาหร่ายเถ้าแก่น้อย เพราะชื่อก็คือสาหร่าย,รู้จัก แต่ไม่เคยทาน,,,,,,,เพราะเคยชินกับตัวออริจินอลมากกว่า แต่โดยส่วนมากจะเลือกกินฮานาโรก่อน,เชื่อ,เพราะมองว่าความเป็นญี่ปุ่นมักจะมีความซื่อสัตย์ ยังไงทำแบรนด์ขนมรสกุ้งขนาดนี้ก็ต้องมีส่วนผสมจากกุ้งจริงๆแน่นอน,ชอบรสเข้มข้น อยากลอง,ต้มยำกุ้ง,เพราะด้วยประเทศเราคนโดยส่วนมากจะทานอาหารรสจัดจ้านกัน ก็เลยเป็นส่วนที่ทำให้ชอบอะไรที่รสชาติเข้มข้น,เหมาะกินช่วงบ่ายๆ ได้ถึงกลางคืนเลย กินคู่กับน้ำซ่า,,20-29ปี,ชาย
12/3/2024 12:50:32,เคย,ข้าวเกรียบ,N,"คาลโวร่า, ฮานาโร, แบ็กซ์, พัฟโมริ, บิบิป๊อป, สแน็คแบ๊ค","คาลโวร่า, ฮานาโร, พัฟโมริ, บิบิป๊อป, สแน็คแบ๊ค",ไม่มีผล,มีผลมาก,ปานกลาง,มีผลมากที่สุด,ปานกลาง,ช่วงว่างๆ เวลาหิวระหว่างวัน เวลาเดินทาง เวลาปาร์ตี้ เวลาดูหนัง,ใช่ เป็นของ Calvora,ใช่ เป็นของ Calvora,ใช่ เป็นของ Calvora,ใช่ เป็นของ Calvora,ใช่ เป็นของ Calvora,ใช่ เป็นของ Calvora,ใช่ เป็นของ Calvora,ใช่ เป็นของ Calvora,ใช่ เป็นของ Calvora,ใช่ เป็นของ Calvora,ใช่ เป็นของ Calvora,ทำจากเนื้อสัตว์แท้ (From real meat),ไม่รู้,-,4,"การรับรองจากหน่วยงานด้านอาหาร, การรับรองมาตรฐานการผลิตจากญี่ปุ่น, เป็นผลิตภัณฑ์นำเข้าจากญี่ปุ่น",Moleculogy,รู้จัก และเคยทาน,Original,อยากลอง,ไม่เชื่อ,ไม่เชื่อ เพราะส่วนผสมส่วนใหญ่มักเป็นแป้งผสมเนื้อสัตว์หรือแต่งกลิ่น,ไม่ลอง,-,,,,ไม่อยากลอง,,,,ไม่ค่อยชอบขนมประเภทนี้ ชอบขนมแบบแผ่นๆมากกว่า,30-39ปี,หญิง
12/3/2024 13:04:03,เคย,ถั่ว,M,สแน็คแบ๊ค,"คาลโวร่า, ฮานาโร, พัฟโมริ, สแน็คแบ๊ค",มีผลมาก,มีผลมาก,มีผลมาก,มีผลมากที่สุด,มีผลมากที่สุด,ช่วงบ่ายๆ,ใช่ เป็นของ Calvora,ไม่ใช่,ไม่ใช่,ไม่ใช่,ไม่ใช่,ไม่ใช่,ใช่ เป็นของ Calvora,ใช่ เป็นของ Calvora,ใช่ เป็นของ Calvora,ไม่ใช่,ไม่ใช่,"ใช้วัตถุดิบจากธรรมชาติ (Use natural ingredients), เป็นแบรนด์ญี่ปุ่น (Japan brand)",ไม่รู้,ของที่ได้มาจากธรรมชาติ ( ไม่ทำลายธรรมชาติ ),4,"แหล่งที่มาของวัตถุดิบ, เห็นขั้นตอนของการเก็บเกี่ยววัตถุดิบ, ข้อมูลเกี่ยวกับกระบวนการผลิต, การรับรองจากหน่วยงานด้านอาหาร, การรับรองมาตรฐานการผลิตจากญี่ปุ่น, เป็นผลิตภัณฑ์นำเข้าจากญี่ปุ่น",ขนมเกี่ยวกับพวกชาเขียว เพราะว่า วัตถุดิบที่เกี่ยวกับชาเขียวส่วนมากเกี่ยวกับธรรมชาติสะส่วนใหญ่,รู้จัก และเคยทาน,"Original, ต้มยำกุ้ง, Extra BBQ",อยากลองชิม,เชื่อ,เชื่อเพราะมีมาตราฐาน,ลอง,ไม่มี,,,,ชอบรสเข้มข้น อยากลอง,ดีครับ,อร่อยถึงเครื่องครับ,ช่วงบ่ายๆ ครับ,,20-29ปี,ชาย
12/3/2024 16:19:51,ไม่เคย,,,,,,,,,,,,,,,,,,,,,,,,,,,,,,,,,,,,,,,,,,,,
12/3/2024 16:24:21,เคย,ข้าวเกียบกุ้ง,"H, K, O","คาลโวร่า, ฮานาโร, แบ็กซ์, พัฟโมริ, สแน็คแบ๊ค","คาลโวร่า, ฮานาโร, แบ็กซ์, พัฟโมริ, สแน็คแบ๊ค",ไม่มีผลเลย,มีผลมากที่สุด,มีผลมากที่สุด,มีผลมากที่สุด,ปานกลาง,ทุกตอน,ใช่ เป็นของ Calvora,ไม่ใช่,ไม่ใช่,ใช่ เป็นของ Calvora,ไม่ใช่,ไม่ใช่,ไม่ใช่,ใช่ เป็นของ Calvora,ใช่ เป็นของ Calvora,ไม่ใช่,ไม่ใช่,"ใช้วัตถุดิบจากธรรมชาติ (Use natural ingredients), มีรสชาติอร่อย (Tasty), มีคุณภาพดี (Good quality), เป็นแบรนด์ญี่ปุ่น (Japan brand)",ไม่รู้,ใช้วัตถุดิบที่มีคุณภาพ?,4,"แหล่งที่มาของวัตถุดิบ, เห็นขั้นตอนของการเก็บเกี่ยววัตถุดิบ, ข้อมูลเกี่ยวกับกระบวนการผลิต, การรับรองจากหน่วยงานด้านอาหาร, การรับรองมาตรฐานการผลิตจากญี่ปุ่น, เป็นผลิตภัณฑ์นำเข้าจากญี่ปุ่น",shisuoka,ไม่รู้จักเลย,,,,,,,,,,,,,,,30-39ปี,หญิง
12/3/2024 16:26:44,เคย,ข้าวเกรียบกุ้งแท่งๆ,"H, K, L","คาลโวร่า, ฮานาโร, แบ็กซ์, พัฟโมริ, Jomona, บิบิป๊อป, สแน็คแบ๊ค","คาลโวร่า, ฮานาโร, แบ็กซ์, พัฟโมริ, Jomona, บิบิป๊อป, สแน็คแบ๊ค",ไม่มีผล,มีผลมากที่สุด,ปานกลาง,มีผลมากที่สุด,ไม่มีผล,ทุกเวลาเลย,ใช่ เป็นของ Calvora,ไม่ใช่,ไม่ใช่,ไม่ใช่,ไม่ใช่,ไม่ใช่,ไม่ใช่,ไม่ใช่,ไม่ใช่,ไม่ใช่,ไม่ใช่,มีรสชาติอร่อย (Tasty),ไม่รู้,เอาพลังธรรมชาติมาใส่ถุง,3,ไม่ได้สนใจข้อนี้,ดอยคำ เพราะรู้สึกว่ามันธรรมชาติมากๆ,รู้จัก และเคยทาน,Original,อร่อยดี,ไม่เชื่อ,มันต้องมีแป้งด้วยแน่ๆ,ลอง,พริกหวาน,,,,ชอบรสเข้มข้น อยากลอง,เค็มๆขึ้น,มันเค็มๆดี,กินได้ตลอดเวลา,,20-29ปี,หญิง
12/3/2024 16:29:52,เคย,Snack,"H, K, O, Q","คาลโวร่า, แบ็กซ์, พัฟโมริ, สแน็คแบ๊ค","คาลโวร่า, ฮานาโร, แบ็กซ์, พัฟโมริ, สแน็คแบ๊ค",มีผลมาก,มีผลมากที่สุด,ปานกลาง,มีผลมาก,มีผลมาก,"Waiting for st., chating",ใช่ เป็นของ Calvora,ใช่ เป็นของ Calvora,ใช่ เป็นของ Calvora,ใช่ เป็นของ Calvora,ไม่ใช่,ไม่ใช่,ไม่ใช่,ไม่ใช่,ไม่ใช่,ไม่ใช่,ใช่ เป็นของ Calvora,"ใช้วัตถุดิบจากธรรมชาติ (Use natural ingredients), มีรสชาติอร่อย (Tasty), มีคุณภาพดี (Good quality), เป็นแบรนด์ญี่ปุ่น (Japan brand)",ไม่รู้,Natural,3,"การรับรองมาตรฐานการผลิตจากญี่ปุ่น, เป็นผลิตภัณฑ์นำเข้าจากญี่ปุ่น",Diamond grain,รู้จัก และเคยทาน,Original,เพื่อนน่าจะชอบ ซื้อหลายๆรสไปกอนกับเพื่อน,เชื่อ,ของญี่ปุ่น,ไม่ลอง,ไม่ค่อยกินขนม,,,,ชอบรสเข้มข้น อยากลอง,ต้มยำต้มยำ,อร่อย,ดูหนัง น้ำอัดลม,,30-39ปี,ชาย
12/3/2024 16:34:26,เคย,ขนมอบกรอบ,"L, M, Q","คาลโวร่า, ฮานาโร, แบ็กซ์, พัฟโมริ, บิบิป๊อป, สแน็คแบ๊ค","คาลโวร่า, ฮานาโร, แบ็กซ์, พัฟโมริ, บิบิป๊อป, สแน็คแบ๊ค",ไม่มีผลเลย,มีผลมากที่สุด,ไม่มีผลเลย,มีผลมากที่สุด,มีผลมากที่สุด,หลังเลิกเรียน (ปัจจุบันทำงาน + เพาะกาย จึงเลิกทานแล้ว),ใช่ เป็นของ Calvora,ไม่ใช่,ไม่ใช่,ใช่ เป็นของ Calvora,ใช่ เป็นของ Calvora,ใช่ เป็นของ Calvora,ใช่ เป็นของ Calvora,ใช่ เป็นของ Calvora,ใช่ เป็นของ Calvora,ไม่ใช่,ไม่ใช่,มีรสชาติอร่อย (Tasty),ไม่รู้,เก็บเกี่ยวรับพลังของธรรมชาติ,1,"แหล่งที่มาของวัตถุดิบ, เห็นขั้นตอนของการเก็บเกี่ยววัตถุดิบ, ข้อมูลเกี่ยวกับกระบวนการผลิต, การรับรองจากหน่วยงานด้านอาหาร",ไม่มี เพราะ คิดว่าผลิตภัณฑ์อุตสาหกรรม ยังไงก็เป็นไปได้ยากที่จะใช้วัตถุดิบจากธรรมชาติ เพราะวัตถุดิบเหล่านี้เน่าเสียง่ายและเร็ว ทำให้ไม่เหมาะกับการขายเป็นถุงตามร้าน (not shelf stable) และหลายครั้งที่การแต่งรสและกลิ่นด้วยสารเคมีนั้นทำได้เร็ว ง่าย และลดต้นทุนได้เยอะ จึงคิดไว้ก่อนว่าไม่ใช่วัตถุดิบจากธรรมชาติแท้ๆ เพื่อรักษาสุขภาพ,ไม่รู้จักเลย,,,,,,,,,,,,,,,20-29ปี,ชาย
12/3/2024 16:35:07,เคย,ขนม,"H, K","คาลโวร่า, ฮานาโร, แบ็กซ์, พัฟโมริ, บิบิป๊อป, สแน็คแบ๊ค","คาลโวร่า, ฮานาโร, แบ็กซ์, พัฟโมริ",ไม่มีผล,มีผลมากที่สุด,ปานกลาง,ปานกลาง,มีผลมาก,หิว,ใช่ เป็นของ Calvora,ไม่ใช่,ไม่ใช่,ไม่ใช่,ไม่ใช่,ไม่ใช่,ไม่ใช่,ไม่ใช่,ไม่ใช่,ไม่ใช่,ไม่ใช่,มีรสชาติอร่อย (Tasty),ไม่รู้,ทำจากวัตถุดิบจากธรรมชาติ,1,เห็นขั้นตอนของการเก็บเกี่ยววัตถุดิบ,อาฮิโยโมโต๊ะ,ไม่รู้จักเลย,,,,,,,,,,,,,,,20-29ปี,ชาย
12/3/2024 16:38:31,ไม่เคย,,,,,,,,,,,,,,,,,,,,,,,,,,,,,,,,,,,,,,,,,,,,
12/3/2024 16:43:00,เคย,ข้าวเกรียบ,"H, K, N, O","คาลโวร่า, ฮานาโร, แบ็กซ์, พัฟโมริ, บิบิป๊อป, สแน็คแบ๊ค","คาลโวร่า, ฮานาโร, แบ็กซ์, พัฟโมริ, บิบิป๊อป, สแน็คแบ๊ค",มีผลมาก,ปานกลาง,ปานกลาง,ปานกลาง,มีผลน้อย,ดูหนัง,ใช่ เป็นของ Calvora,ไม่ใช่,ไม่ใช่,ไม่ใช่,ไม่ใช่,ไม่ใช่,ไม่ใช่,ไม่ใช่,ไม่ใช่,ไม่ใช่,ไม่ใช่,มีรสชาติอร่อย (Tasty),ไม่รู้,เก็บเกี่ยว,2,การรับรองจากหน่วยงานด้านอาหาร,,ไม่รู้จักเลย,,,,,,,,,,,,,,,30-39ปี,ชาย
12/3/2024 16:45:28,เคย,ข้าวเกรียบกุ้ง,"H, K, N","คาลโวร่า, ฮานาโร, แบ็กซ์, พัฟโมริ, Jomona, สแน็คแบ๊ค","คาลโวร่า, ฮานาโร, พัฟโมริ, Jomona, สแน็คแบ๊ค",ปานกลาง,มีผลมากที่สุด,มีผลมากที่สุด,มีผลมากที่สุด,ปานกลาง,ทำงาน,ใช่ เป็นของ Calvora,ไม่ใช่,ไม่ใช่,ใช่ เป็นของ Calvora,ไม่ใช่,ไม่ใช่,ใช่ เป็นของ Calvora,ไม่ใช่,ไม่ใช่,ไม่ใช่,ไม่ใช่,มีรสชาติอร่อย (Tasty),ไม่รู้,เน้นส่วนผสมธรรมชาติ,3,"แหล่งที่มาของวัตถุดิบ, เห็นขั้นตอนของการเก็บเกี่ยววัตถุดิบ, ข้อมูลเกี่ยวกับกระบวนการผลิต, การรับรองมาตรฐานการผลิตจากญี่ปุ่น, เป็นผลิตภัณฑ์นำเข้าจากญี่ปุ่น",,ไม่รู้จักเลย,,,,,,,,,,,,,,,20-29ปี,หญิง
12/3/2024 16:50:54,เคย,ข้าวเกรียบกุ้ง รสชาติดี ทานเพลิน,"H, K, N, O","คาลโวร่า, เอบินาริ, ฮานาโร, แบ็กซ์, พัฟโมริ, บิบิป๊อป, สแน็คแบ๊ค","คาลโวร่า, เอบินาริ, ฮานาโร, แบ็กซ์, พัฟโมริ, บิบิป๊อป",มีผลมาก,มีผลมากที่สุด,ปานกลาง,มีผลมาก,มีผลมาก,ตอนทำงาน,ใช่ เป็นของ Calvora,ใช่ เป็นของ Calvora,ใช่ เป็นของ Calvora,ไม่ใช่,ไม่ใช่,ไม่ใช่,ไม่ใช่,ไม่ใช่,ไม่ใช่,ไม่ใช่,ไม่ใช่,"มีรสชาติอร่อย (Tasty), มีคุณภาพดี (Good quality), เป็นแบรนด์ญี่ปุ่น (Japan brand)",ไม่รู้,ใช้วัตถุดิบจากธรรมชาติ,3,"แหล่งที่มาของวัตถุดิบ, การรับรองจากหน่วยงานด้านอาหาร, การรับรองมาตรฐานการผลิตจากญี่ปุ่น",อายิโนโมโต๊ะ,รู้จัก และเคยทาน,Original,อร่อยกว่าฮานาโร ไม่เค็มมาก กรอบกำลังดีไม่แข็ง,เชื่อ,เพราะอร่อย,ลอง,กุ้งแช่น้ำปลา,,,,ชอบรสเข้มข้น อยากลอง,มีรสกุ้งที่ชัดเจนมากขึ้น ทานทีละแท่งก็อร่อย,อร่อยมากขึ้น ทานเพลินมากขึ้น,ทานกับอาหาร หรือเครื่องดื่มที่ชอบ ในเวลาว่าง,,30-39ปี,LGBTQ+
12/3/2024 17:03:25,เคย,ขนม,"H, N","คาลโวร่า, ฮานาโร, แบ็กซ์, พัฟโมริ, บิบิป๊อป, สแน็คแบ๊ค","คาลโวร่า, ฮานาโร, แบ็กซ์, พัฟโมริ, บิบิป๊อป, สแน็คแบ๊ค",ปานกลาง,ปานกลาง,ปานกลาง,ปานกลาง,ปานกลาง,ดูภาพยนตร์,ใช่ เป็นของ Calvora,ใช่ เป็นของ Calvora,ใช่ เป็นของ Calvora,ใช่ เป็นของ Calvora,ใช่ เป็นของ Calvora,ใช่ เป็นของ Calvora,ใช่ เป็นของ Calvora,ใช่ เป็นของ Calvora,ใช่ เป็นของ Calvora,ใช่ เป็นของ Calvora,ใช่ เป็นของ Calvora,มีรสชาติอร่อย (Tasty),ไม่รู้,เป็นการใช้วัตถุดิบจากธรรมชาติจริงๆ,4,"แหล่งที่มาของวัตถุดิบ, ข้อมูลเกี่ยวกับกระบวนการผลิต, การรับรองมาตรฐานการผลิตจากญี่ปุ่น",ดอยคำ เพราะฟังชื่อก็รู้ทันทีว่าวัตถุดิบมาจากธรรมชาติแน่ๆ,รู้จัก แต่ไม่เคยทาน,,,,,,,ยังไม่มีโอกาสซื้อ,เชื่อ,มีการโฆษณา,ชอบรสเข้มข้น อยากลอง,รสต้มยำ,ชอบรสจัด,ช่วงเวลาบ่าย,,40-49ปี,ชาย
12/3/2024 17:08:55,เคย,ข้าวเกรียบกุ้ง,"H, K, O, Q","คาลโวร่า, เอบินาริ, ฮานาโร, แบ็กซ์, พัฟโมริ, Jomona, บิบิป๊อป, สแน็คแบ๊ค, Veggie Snap, ฟรูทร่า","คาลโวร่า, ฮานาโร, แบ็กซ์, พัฟโมริ, Jomona, บิบิป๊อป, สแน็คแบ๊ค",มีผลมาก,มีผลมากที่สุด,มีผลมาก,มีผลมากที่สุด,มีผลน้อย,หิว,ใช่ เป็นของ Calvora,ใช่ เป็นของ Calvora,ใช่ เป็นของ Calvora,ไม่ใช่,ไม่ใช่,ไม่ใช่,ใช่ เป็นของ Calvora,ไม่ใช่,ไม่ใช่,ไม่ใช่,ไม่ใช่,"มีคุณภาพดี (Good quality), เป็นแบรนด์ญี่ปุ่น (Japan brand)",ไม่รู้,ใช้วัตถุดิบจากธรรมชาติแท้ๆ,2,เป็นผลิตภัณฑ์นำเข้าจากญี่ปุ่น,Sunbites เพราะเป็นธัญพืช,รู้จัก แต่ไม่เคยทาน,,,,,,,ไม่อยากทาน,ไม่เชื่อ,เพราะเคยทานคาลโวร่าแล้วไม่ค่อยออกรสกุ้ง,ไม่อยากลอง,,,,ชอบทานฮานาโรมากกว่า,20-29ปี,ชาย
12/3/2024 17:09:28,เคย,ขนม,"H, I, K, Q",คาลโวร่า,"คาลโวร่า, ฮานาโร, แบ็กซ์, พัฟโมริ, Jomona, บิบิป๊อป, สแน็คแบ๊ค",มีผลมาก,มีผลมากที่สุด,มีผลมากที่สุด,มีผลมากที่สุด,มีผลมาก,ว่าง,ใช่ เป็นของ Calvora,ไม่ใช่,ไม่ใช่,ไม่ใช่,ไม่ใช่,ไม่ใช่,ใช่ เป็นของ Calvora,ไม่ใช่,ไม่ใช่,ไม่ใช่,ไม่ใช่,"ใช้วัตถุดิบจากธรรมชาติ (Use natural ingredients), มีรสชาติอร่อย (Tasty), มีคุณภาพดี (Good quality)",ไม่รู้,ของจากธรรมชาติ,3,การรับรองจากหน่วยงานด้านอาหาร,,ไม่รู้จักเลย,,,,,,,,,,,,,,,40-49ปี,หญิง
12/3/2024 17:11:05,เคย,ขนมแท่งๆกรอบๆ,"H, K","คาลโวร่า, ฮานาโร, แบ็กซ์, พัฟโมริ, บิบิป๊อป, สแน็คแบ๊ค, Veggie Snap","คาลโวร่า, แบ็กซ์, พัฟโมริ, บิบิป๊อป, สแน็คแบ๊ค",ปานกลาง,มีผลมากที่สุด,ไม่มีผลเลย,มีผลมาก,มีผลมากที่สุด,ดูหนัง เล่นเกม,ใช่ เป็นของ Calvora,ใช่ เป็นของ Calvora,ใช่ เป็นของ Calvora,ใช่ เป็นของ Calvora,ใช่ เป็นของ Calvora,ใช่ เป็นของ Calvora,ใช่ เป็นของ Calvora,ใช่ เป็นของ Calvora,ใช่ เป็นของ Calvora,ใช่ เป็นของ Calvora,ใช่ เป็นของ Calvora,"มีคุณภาพดี (Good quality), เพื่อสุขภาพที่ดี (For healthy lifestyles)",ไม่รู้,ขนมมีประโยช,4,แหล่งที่มาของวัตถุดิบ,,ไม่รู้จักเลย,,,,,,,,,,,,,,,20-29ปี,ชาย
12/3/2024 18:37:29,เคย,ขนมขบเคี้ยว,"H, K, N, O","คาลโวร่า, เอบินาริ, เอบินาริ X, ฮานาโร, แบ็กซ์, พัฟโมริ, Jomona, บิบิป๊อป, สแน็คแบ๊ค, Veggie Snap","คาลโวร่า, เอบินาริ, เอบินาริ X, ฮานาโร, แบ็กซ์, พัฟโมริ, Jomona, บิบิป๊อป, สแน็คแบ๊ค, Veggie Snap",มีผลมากที่สุด,มีผลมากที่สุด,มีผลมากที่สุด,มีผลมากที่สุด,มีผลมากที่สุด,พักเที่ยง หลังกินข้าวเสร็จ,ใช่ เป็นของ Calvora,ใช่ เป็นของ Calvora,ใช่ เป็นของ Calvora,ใช่ เป็นของ Calvora,ใช่ เป็นของ Calvora,ใช่ เป็นของ Calvora,ใช่ เป็นของ Calvora,ใช่ เป็นของ Calvora,ใช่ เป็นของ Calvora,ใช่ เป็นของ Calvora,ไม่ใช่,มีรสชาติอร่อย (Tasty),ไม่รู้,ขนมที่ทำจากธรรมชาติมั้ง,1,เป็นผลิตภัณฑ์นำเข้าจากญี่ปุ่น,โออิชิ/น้ำแร่ต่างๆ เพราะ เห็นแต่พูดถึงว่าเป็นสินค้าที่ทำมาจากธรรมชาติ,รู้จัก และเคยทาน,"Original, Extra BBQ",ราคาถูก กินกันหลานคนสาสารถแบ่งกันได้เยอะ,ไม่เชื่อ,เพราะไม่เคยเห็นใครพูดถึงหรือเล่าความเป็นมา จากทั้งสื่อต่างๆ และ advertising,ลอง,ฟิวแปลกใหม่อ่ะ รสหมาล่างี้,,,,ชอบรสเข้มข้น อยากลอง,หมาล่า หรือ ฟิวแบบ แปลกๆที่ไม่เคยมีที่ไหนมีรสนี้,เข้าถึงรสชาติ,เที่ยงๆ หลังกินข้าว กินคู่กับน้ำซอสซีสๆ,,20-29ปี,หญิง
12/3/2024 19:29:42,เคย,ขนม,N,คาลโวร่า,"คาลโวร่า, ฮานาโร, แบ็กซ์, พัฟโมริ, บิบิป๊อป, สแน็คแบ๊ค",ปานกลาง,ปานกลาง,ปานกลาง,มีผลมาก,ปานกลาง,ฮานาโร,ใช่ เป็นของ Calvora,ไม่ใช่,ไม่ใช่,ไม่ใช่,ไม่ใช่,ไม่ใช่,ไม่ใช่,ไม่ใช่,ไม่ใช่,ไม่ใช่,ไม่ใช่,มีรสชาติอร่อย (Tasty),ไม่รู้,อ่านภาษาอังกฤษไม่ออก,3,การรับรองจากหน่วยงานด้านอาหาร,ซันไบทส์,ไม่รู้จักเลย,,,,,,,,,,,,,,,30-39ปี,ชาย
12/3/2024 19:36:16,เคย,ข้าวเกรียบกุ้ง,"H, K, L, N, O, P","คาลโวร่า, ฮานาโร","คาลโวร่า, ฮานาโร, แบ็กซ์, พัฟโมริ, บิบิป๊อป, สแน็คแบ๊ค",มีผลมาก,มีผลมากที่สุด,มีผลมากที่สุด,มีผลมากที่สุด,มีผลมากที่สุด,ตอนดูหนัง,ใช่ เป็นของ Calvora,ไม่ใช่,ไม่ใช่,ใช่ เป็นของ Calvora,ไม่ใช่,ไม่ใช่,ไม่ใช่,ไม่ใช่,ไม่ใช่,ไม่ใช่,ไม่ใช่,"ใช้วัตถุดิบจากธรรมชาติ (Use natural ingredients), มีรสชาติอร่อย (Tasty), มีคุณภาพดี (Good quality)",ไม่รู้,ของดีจากธรรมชาติ,3,"เห็นขั้นตอนของการเก็บเกี่ยววัตถุดิบ, การรับรองจากหน่วยงานด้านอาหาร, เป็นผลิตภัณฑ์นำเข้าจากญี่ปุ่น",ดอยตุง เพราะชื่อดอย,ไม่รู้จักเลย,,,,,,,,,,,,,,,20-29ปี,ชาย
12/3/2024 19:37:02,เคย,กุ้ง,H,"คาลโวร่า, ฮานาโร, แบ็กซ์, พัฟโมริ, บิบิป๊อป, สแน็คแบ๊ค","คาลโวร่า, ฮานาโร, แบ็กซ์, พัฟโมริ, บิบิป๊อป, สแน็คแบ๊ค",มีผลมากที่สุด,มีผลมากที่สุด,มีผลมากที่สุด,มีผลมากที่สุด,มีผลมากที่สุด,บ่าย,ใช่ เป็นของ Calvora,ใช่ เป็นของ Calvora,ใช่ เป็นของ Calvora,ใช่ เป็นของ Calvora,ใช่ เป็นของ Calvora,ใช่ เป็นของ Calvora,ใช่ เป็นของ Calvora,ใช่ เป็นของ Calvora,ใช่ เป็นของ Calvora,ใช่ เป็นของ Calvora,ใช่ เป็นของ Calvora,ใช้วัตถุดิบจากธรรมชาติ (Use natural ingredients),ไม่รู้,-,3,แหล่งที่มาของวัตถุดิบ,,ไม่รู้จักเลย,,,,,,,,,,,,,,,30-39ปี,หญิง
12/3/2024 20:24:18,เคย,ขนม,"H, K, N","คาลโวร่า, เอบินาริ, ฮานาโร, แบ็กซ์, พัฟโมริ, บิบิป๊อป, สแน็คแบ๊ค","คาลโวร่า, เอบินาริ, ฮานาโร, แบ็กซ์, พัฟโมริ, บิบิป๊อป, สแน็คแบ๊ค",มีผลมาก,มีผลมากที่สุด,มีผลมากที่สุด,มีผลมาก,มีผลน้อย,หลังอาหาร,ใช่ เป็นของ Calvora,ใช่ เป็นของ Calvora,ใช่ เป็นของ Calvora,ไม่ใช่,ไม่ใช่,ไม่ใช่,ไม่ใช่,ไม่ใช่,ไม่ใช่,ไม่ใช่,ไม่ใช่,"ใช้วัตถุดิบจากธรรมชาติ (Use natural ingredients), เป็นแบรนด์ญี่ปุ่น (Japan brand)",ไม่รู้,เก็บเกี่ยวพลังแห่งธรรมชาติ,3,"แหล่งที่มาของวัตถุดิบ, เป็นผลิตภัณฑ์นำเข้าจากญี่ปุ่น",นมตราหมี เพราะชอบกินนม,รู้จัก และเคยทาน,Original,อยากลองกินรสชาติ แบรนด์ใหม่ๆ,เชื่อ,เชื่อเพราะเห็นในส่วนประกอบ แต่คิดว่าน้อยมาก,ลอง,วาซาบิ,,,,ชอบรสเข้มข้น อยากลอง,เผ็ด,ปกติเป็นคนชอบทานอาหารรสจัด,หลังอาหารเย็น / ช่วงเวลาที่หิว,,30-39ปี,หญิง
12/3/2024 20:42:22,เคย,ขนมแบ๊ค จิ้มซอสมะเขือเทศ,"H, K, L, M","คาลโวร่า, ฮานาโร, แบ็กซ์, พัฟโมริ, บิบิป๊อป, สแน็คแบ๊ค, Veggie Snap","คาลโวร่า, ฮานาโร, แบ็กซ์, พัฟโมริ, Jomona, บิบิป๊อป, สแน็คแบ๊ค",ปานกลาง,มีผลมากที่สุด,ปานกลาง,มีผลมากที่สุด,มีผลมากที่สุด,ดูหนัง,ใช่ เป็นของ Calvora,ไม่ใช่,ไม่ใช่,ใช่ เป็นของ Calvora,ใช่ เป็นของ Calvora,ไม่ใช่,ใช่ เป็นของ Calvora,ใช่ เป็นของ Calvora,ใช่ เป็นของ Calvora,ไม่ใช่,ไม่ใช่,"มีรสชาติอร่อย (Tasty), มีคุณภาพดี (Good quality)",ไม่รู้,วัตถุดิบธรรมชาติ,3,ข้อมูลเกี่ยวกับกระบวนการผลิต,ซันไบรท์,ไม่รู้จักเลย,,,,,,,,,,,,,,,20-29ปี,หญิง
12/3/2024 20:49:02,เคย,แบรนด์ขนมกรอบๆ,"H, I, K","คาลโวร่า, ฮานาโร, แบ็กซ์, พัฟโมริ, Jomona, บิบิป๊อป, สแน็คแบ๊ค","คาลโวร่า, ฮานาโร, แบ็กซ์, พัฟโมริ, Jomona, บิบิป๊อป, สแน็คแบ๊ค",ปานกลาง,มีผลมากที่สุด,ปานกลาง,มีผลมาก,ปานกลาง,ทำงาน เหงาปาก ดูทีวี,ใช่ เป็นของ Calvora,ใช่ เป็นของ Calvora,ใช่ เป็นของ Calvora,ไม่ใช่,ใช่ เป็นของ Calvora,ไม่ใช่,ใช่ เป็นของ Calvora,ไม่ใช่,ไม่ใช่,ไม่ใช่,ไม่ใช่,"ใช้วัตถุดิบจากธรรมชาติ (Use natural ingredients), ทำจากเนื้อสัตว์แท้ (From real meat), มีรสชาติอร่อย (Tasty), มีคุณภาพดี (Good quality), เพื่อสุขภาพที่ดี (For healthy lifestyles), เป็นแบรนด์ญี่ปุ่น (Japan brand)",ไม่รู้,ได้พลังงานจากธรรมชาติ,3,"การรับรองมาตรฐานการผลิตจากญี่ปุ่น, เป็นผลิตภัณฑ์นำเข้าจากญี่ปุ่น",อายิโนะโมะโต๊ะ ผลิตจากวัตถุดิบหลักจากธรรมชาติ / เพลงในโลตัส,รู้จัก และเคยทาน,Original,มีคนซื้อให้กิน,เชื่อ,หน้าซองมีกุ้ง,ไม่ลอง,กุ้ง ซีฟู๊ด,,,,ไม่อยากลอง,,,,รสเข้มปกติจะเค็มไป กินได้ไม่เยอะ กินละหิวน้ำ,20-29ปี,หญิง
12/3/2024 21:04:36,เคย,ขนม,"K, L, M, N","คาลโวร่า, เอบินาริ, ฮานาโร, แบ็กซ์, พัฟโมริ, บิบิป๊อป, สแน็คแบ๊ค","เอบินาริ, ฮานาโร, แบ็กซ์, พัฟโมริ, สแน็คแบ๊ค",มีผลมาก,มีผลมากที่สุด,มีผลมากที่สุด,มีผลมากที่สุด,มีผลมาก,ดูหนัง,ใช่ เป็นของ Calvora,ใช่ เป็นของ Calvora,ใช่ เป็นของ Calvora,ใช่ เป็นของ Calvora,ใช่ เป็นของ Calvora,ใช่ เป็นของ Calvora,ใช่ เป็นของ Calvora,ใช่ เป็นของ Calvora,ใช่ เป็นของ Calvora,ใช่ เป็นของ Calvora,ใช่ เป็นของ Calvora,"ใช้วัตถุดิบจากธรรมชาติ (Use natural ingredients), มีคุณภาพดี (Good quality), เพื่อสุขภาพที่ดี (For healthy lifestyles), เป็นแบรนด์ญี่ปุ่น (Japan brand)",ไม่รู้,ธรรมชาติ,5,"แหล่งที่มาของวัตถุดิบ, เห็นขั้นตอนของการเก็บเกี่ยววัตถุดิบ, ข้อมูลเกี่ยวกับกระบวนการผลิต, การรับรองจากหน่วยงานด้านอาหาร, การรับรองมาตรฐานการผลิตจากญี่ปุ่น, เป็นผลิตภัณฑ์นำเข้าจากญี่ปุ่น",สินค้าOTOP,รู้จัก และเคยทาน,Original,อร่อย,เชื่อ,กลิ่น,ลอง,ลาบ,,,,ชอบรสเข้มข้น อยากลอง,จัดจ้าน,อร่อย,ช่วงหลังทานข้าว,,20-29ปี,หญิง
12/3/2024 21:07:33,เคย,ข้าวเกรียบ,K,"คาลโวร่า, ฮานาโร, สแน็คแบ๊ค","คาลโวร่า, ฮานาโร, สแน็คแบ๊ค",มีผลมากที่สุด,มีผลมากที่สุด,ปานกลาง,มีผลมากที่สุด,มีผลมากที่สุด,ขณะดู TV,ใช่ เป็นของ Calvora,ไม่ใช่,ไม่ใช่,ไม่ใช่,ไม่ใช่,ไม่ใช่,ไม่ใช่,ไม่ใช่,ไม่ใช่,ไม่ใช่,ไม่ใช่,"ใช้วัตถุดิบจากธรรมชาติ (Use natural ingredients), มีรสชาติอร่อย (Tasty), มีคุณภาพดี (Good quality)",ไม่รู้,เป็นสิ่งที่ทำมาจากธรรมชาติ,3,"แหล่งที่มาของวัตถุดิบ, ข้อมูลเกี่ยวกับกระบวนการผลิต, การรับรองจากหน่วยงานด้านอาหาร, การรับรองมาตรฐานการผลิตจากญี่ปุ่น",Snackjack,ไม่รู้จักเลย,,,,,,,,,,,,,,,50ปี ขึ้นไป,ชาย
12/3/2024 21:36:09,เคย,ขนม,"H, K","คาลโวร่า, ฮานาโร, แบ็กซ์, พัฟโมริ, Jomona, บิบิป๊อป, สแน็คแบ๊ค, Veggie Snap","คาลโวร่า, ฮานาโร, แบ็กซ์, พัฟโมริ, Jomona, บิบิป๊อป, สแน็คแบ๊ค, Veggie Snap",มีผลมากที่สุด,มีผลมากที่สุด,มีผลมากที่สุด,มีผลมากที่สุด,มีผลมากที่สุด,ตอนดูหนัง,ใช่ เป็นของ Calvora,ใช่ เป็นของ Calvora,ใช่ เป็นของ Calvora,ใช่ เป็นของ Calvora,ใช่ เป็นของ Calvora,ใช่ เป็นของ Calvora,ใช่ เป็นของ Calvora,ใช่ เป็นของ Calvora,ใช่ เป็นของ Calvora,ใช่ เป็นของ Calvora,ใช่ เป็นของ Calvora,"ใช้วัตถุดิบจากธรรมชาติ (Use natural ingredients), ทำจากเนื้อสัตว์แท้ (From real meat), มีรสชาติอร่อย (Tasty), มีคุณภาพดี (Good quality), เพื่อสุขภาพที่ดี (For healthy lifestyles), เป็นแบรนด์ญี่ปุ่น (Japan brand)",ไม่รู้,ใช้วัตถุดิบที่ดีที่สุดจากธรรมชาติ,4,"แหล่งที่มาของวัตถุดิบ, ข้อมูลเกี่ยวกับกระบวนการผลิต, การรับรองจากหน่วยงานด้านอาหาร, การรับรองมาตรฐานการผลิตจากญี่ปุ่น, เป็นผลิตภัณฑ์นำเข้าจากญี่ปุ่น",แบรนด์รังนก เพราะจากโฆษณาที่อธิบายให้เห็นว่าต้นกำเนิดมาจากไหน,ไม่รู้จักเลย,,,,,,,,,,,,,,,20-29ปี,หญิง
12/3/2024 23:58:05,เคย,ขนม,"H, K, O","คาลโวร่า, เอบินาริ, ฮานาโร, แบ็กซ์, พัฟโมริ, บิบิป๊อป, สแน็คแบ๊ค","คาลโวร่า, เอบินาริ, ฮานาโร, แบ็กซ์, พัฟโมริ, บิบิป๊อป, สแน็คแบ๊ค",ปานกลาง,มีผลมากที่สุด,ปานกลาง,มีผลมาก,ไม่มีผลเลย,ทานแทนของว่าง หรือหลังมื้ออาหาร,ใช่ เป็นของ Calvora,ไม่ใช่,ไม่ใช่,ไม่ใช่,ไม่ใช่,ไม่ใช่,ไม่ใช่,ไม่ใช่,ไม่ใช่,ไม่ใช่,ไม่ใช่,"มีรสชาติอร่อย (Tasty), มีคุณภาพดี (Good quality), เป็นแบรนด์ญี่ปุ่น (Japan brand)",ไม่รู้,มาจากธรรมชาติ,1,เห็นขั้นตอนของการเก็บเกี่ยววัตถุดิบ,,รู้จัก และเคยทาน,Original,รสไม่จัด,ไม่เชื่อ,มันไม่ดูเป็นกุ้ง,ไม่ลอง,แซ่บๆ,,,,ชอบรสเข้มข้น อยากลอง,เผ็ดหน่อยๆ,ถึงใจ,ดูหนัง เปล่าๆ,,20-29ปี,ชาย
12/3/2024 23:58:46,เคย,ข้าวเกรียบกุ้ง,"H, I, K, O","คาลโวร่า, ฮานาโร, แบ็กซ์, พัฟโมริ, Jomona, บิบิป๊อป, สแน็คแบ๊ค","คาลโวร่า, ฮานาโร, แบ็กซ์, พัฟโมริ, Jomona, บิบิป๊อป, สแน็คแบ๊ค",ไม่มีผลเลย,มีผลมากที่สุด,มีผลน้อย,ปานกลาง,มีผลมาก,ทำอะไรเพลินๆ,ใช่ เป็นของ Calvora,ไม่ใช่,ไม่ใช่,ไม่ใช่,ไม่ใช่,ไม่ใช่,ใช่ เป็นของ Calvora,ใช่ เป็นของ Calvora,ไม่ใช่,ไม่ใช่,ไม่ใช่,"มีรสชาติอร่อย (Tasty), มีคุณภาพดี (Good quality), เป็นแบรนด์ญี่ปุ่น (Japan brand)",ไม่รู้,เป็นขนมที่เอาวัตถุดิบจากธรรมชาติมาทำ,1,เป็นผลิตภัณฑ์นำเข้าจากญี่ปุ่น,whole foods เพราะชื่อ + สีเขียว + ดังในหมู่ health enthusiasts,รู้จัก และเคยทาน,Original,แม่ซื้อติดบ้าน,เชื่อ,รสชาติเหมือนกุ้ง,ไม่ลอง,-,,,,ไม่อยากลอง,,,,รู้สึกจะเค็ม ไม่ชอบขนมรสจัดจ้าน,20-29ปี,หญิง
12/4/2024 0:04:49,เคย,ขนมคบเคี้ยว,"H, I, O","คาลโวร่า, เอบินาริ, ฮานาโร, แบ็กซ์, พัฟโมริ, Jomona, บิบิป๊อป, สแน็คแบ๊ค","คาลโวร่า, ฮานาโร, แบ็กซ์, พัฟโมริ, Jomona, สแน็คแบ๊ค",ไม่มีผลเลย,มีผลมากที่สุด,มีผลมาก,มีผลมาก,มีผลน้อย,ดูซีรีส์,ใช่ เป็นของ Calvora,ไม่ใช่,ไม่ใช่,ไม่ใช่,ไม่ใช่,ไม่ใช่,ไม่ใช่,ไม่ใช่,ไม่ใช่,ไม่ใช่,ไม่ใช่,"มีรสชาติอร่อย (Tasty), เป็นแบรนด์ญี่ปุ่น (Japan brand)",ไม่รู้,ใช้วัตดฃถุดิบจากธรรมชาติ มากกว่าสังเคราะห์,2,"แหล่งที่มาของวัตถุดิบ, เห็นขั้นตอนของการเก็บเกี่ยววัตถุดิบ",,รู้จัก และเคยทาน,Original,ความคุ้นชินกับลักษณะขนม,ไม่เชื่อ,ขนมขบเคี้ยวน่าจะทำจากสารสังเคราะห์มากกว่า,ไม่ลอง,-,,,,ไม่อยากลอง,,,,ปกติทานแค่รสชาติเดียว,20-29ปี,ชาย
12/4/2024 0:24:29,เคย,ขนมเเท่งๆเกลียวๆ,H,"คาลโวร่า, แบ็กซ์, พัฟโมริ, บิบิป๊อป","คาลโวร่า, แบ็กซ์, พัฟโมริ, สแน็คแบ๊ค",มีผลมากที่สุด,มีผลมากที่สุด,ไม่มีผลเลย,มีผลมากที่สุด,มีผลน้อย,เครียด,ใช่ เป็นของ Calvora,ไม่ใช่,ไม่ใช่,ไม่ใช่,ไม่ใช่,ไม่ใช่,ไม่ใช่,ใช่ เป็นของ Calvora,ไม่ใช่,ไม่ใช่,ไม่ใช่,"มีรสชาติอร่อย (Tasty), มีคุณภาพดี (Good quality), เป็นแบรนด์ญี่ปุ่น (Japan brand)",ไม่รู้,Utilise nature and extracts benefit out of it,3,เป็นผลิตภัณฑ์นำเข้าจากญี่ปุ่น,,รู้จัก แต่ไม่เคยทาน,,,,,,,มีอันอื่นให้กินเยอะ,ไม่เชื่อ,Most products in the market are fake,ชอบรสเข้มข้น อยากลอง,เค็ม,ถึงใจดี,เย็นคู่กับอาหารรสจัด eg. ส้มตำ ก๋วยเตี๋ยว,,ต่ำกว่า 20ปี,หญิง
12/4/2024 8:28:33,ไม่เคย,,,,,,,,,,,,,,,,,,,,,,,,,,,,,,,,,,,,,,,,,,,,
12/4/2024 8:49:00,ไม่เคย,,,,,,,,,,,,,,,,,,,,,,,,,,,,,,,,,,,,,,,,,,,,
12/4/2024 8:53:18,ไม่เคย,,,,,,,,,,,,,,,,,,,,,,,,,,,,,,,,,,,,,,,,,,,,
12/4/2024 9:00:39,เคย,ขนม,K,"เอบินาริ X, ฮานาโร","บิบิป๊อป, สแน็คแบ๊ค",มีผลมาก,มีผลมาก,มีผลมาก,มีผลมากที่สุด,มีผลมาก,หลังกินข้าว,ใช่ เป็นของ Calvora,ไม่ใช่,ใช่ เป็นของ Calvora,ไม่ใช่,ใช่ เป็นของ Calvora,ไม่ใช่,ใช่ เป็นของ Calvora,ไม่ใช่,ใช่ เป็นของ Calvora,ไม่ใช่,ใช่ เป็นของ Calvora,มีรสชาติอร่อย (Tasty),ไม่รู้,ธรรมชาติ,3,"ข้อมูลเกี่ยวกับกระบวนการผลิต, การรับรองจากหน่วยงานด้านอาหาร, การรับรองมาตรฐานการผลิตจากญี่ปุ่น",,รู้จัก และเคยทาน,"Original, Extra BBQ",อยากกิน,เชื่อ,ได้กลิ่น,ลอง,วาซาบิ,,,,ชอบรสเข้มข้น อยากลอง,แซบ,อร่อย,พักเที่ยง,,20-29ปี,LGBTQ+
12/4/2024 9:19:19,ไม่เคย,,,,,,,,,,,,,,,,,,,,,,,,,,,,,,,,,,,,,,,,,,,,
12/4/2024 9:33:22,เคย,ขนม,H,"คาลโวร่า, ฮานาโร, แบ็กซ์, พัฟโมริ, สแน็คแบ๊ค, ฟรูทร่า","คาลโวร่า, ฮานาโร, ฟรูทร่า",มีผลมาก,มีผลมากที่สุด,มีผลมาก,มีผลมาก,ปานกลาง,ตอนทำงาน,ใช่ เป็นของ Calvora,ไม่ใช่,ไม่ใช่,ใช่ เป็นของ Calvora,ใช่ เป็นของ Calvora,ไม่ใช่,ใช่ เป็นของ Calvora,ไม่ใช่,ไม่ใช่,ไม่ใช่,ไม่ใช่,"มีรสชาติอร่อย (Tasty), เป็นแบรนด์ญี่ปุ่น (Japan brand)",ไม่รู้,ใช้วัตถุดิบจากธรรมชาติ,4,"การรับรองจากหน่วยงานด้านอาหาร, เป็นผลิตภัณฑ์นำเข้าจากญี่ปุ่น",แบรนด์สกินแคร์ innisfree เพราะใช้ส่วนผสมจากธรรมชาติเป็นตัวชูโรง,รู้จัก และเคยทาน,ต้มยำกุ้ง,อร่อย,เชื่อ,เพราะมีรสชาติกุ้ง,ลอง,หมาล่า,,,,ชอบรสเข้มข้น อยากลอง,เค็มขึ้น,ทานอาหารรสจัด,กินตอนทำงาน กับ น้ำเปล่า,,20-29ปี,หญิง
12/4/2024 9:35:08,ไม่เคย,,,,,,,,,,,,,,,,,,,,,,,,,,,,,,,,,,,,,,,,,,,,
12/4/2024 10:44:20,เคย,ข้าวเกรียบกถ้ง,K,"คาลโวร่า, ฮานาโร, แบ็กซ์, พัฟโมริ, บิบิป๊อป, สแน็คแบ๊ค","คาลโวร่า, ฮานาโร, แบ็กซ์, พัฟโมริ, บิบิป๊อป, สแน็คแบ๊ค",มีผลมาก,มีผลมากที่สุด,มีผลมากที่สุด,มีผลมากที่สุด,มีผลมากที่สุด,หิว,ใช่ เป็นของ Calvora,ไม่ใช่,ไม่ใช่,ไม่ใช่,ไม่ใช่,ไม่ใช่,ไม่ใช่,ไม่ใช่,ไม่ใช่,ไม่ใช่,ไม่ใช่,มีรสชาติอร่อย (Tasty),ไม่รู้,การเก็บเกี่ยวพลังงานธรรมชาติ,5,"แหล่งที่มาของวัตถุดิบ, เห็นขั้นตอนของการเก็บเกี่ยววัตถุดิบ, ข้อมูลเกี่ยวกับกระบวนการผลิต, การรับรองจากหน่วยงานด้านอาหาร, การรับรองมาตรฐานการผลิตจากญี่ปุ่น, เป็นผลิตภัณฑ์นำเข้าจากญี่ปุ่น",,รู้จัก และเคยทาน,Original,อร่อย,เชื่อ,วัตถุดิบ กลิ่น รสชาติ,ลอง,หม่าล่า,,,,ชอบรสเข้มข้น อยากลอง,อร่อย,อร่อย,ทุกช่วงเวลา,,20-29ปี,หญิง
12/4/2024 11:03:11,เคย,ขนมกรุบกรอบ,H,"คาลโวร่า, ฮานาโร, แบ็กซ์, พัฟโมริ, บิบิป๊อป, สแน็คแบ๊ค, Veggie Snap","คาลโวร่า, ฮานาโร, แบ็กซ์, พัฟโมริ, บิบิป๊อป, สแน็คแบ๊ค, Veggie Snap",ปานกลาง,มีผลมากที่สุด,มีผลน้อย,มีผลมากที่สุด,มีผลมากที่สุด,ตอนดูคลิป,ใช่ เป็นของ Calvora,ไม่ใช่,ไม่ใช่,ไม่ใช่,ไม่ใช่,ไม่ใช่,ไม่ใช่,ไม่ใช่,ไม่ใช่,ไม่ใช่,ไม่ใช่,มีรสชาติอร่อย (Tasty),ไม่รู้,ใช้วัตถุดิบจากธรรมชาติไม่สังเคราะห์,3,"การรับรองจากหน่วยงานด้านอาหาร, การรับรองมาตรฐานการผลิตจากญี่ปุ่น",อายิโน้ะโมโต๊ะ ได้ยินสโลแกนจากโฆษณา,รู้จัก และเคยทาน,Original,อร่อย,เชื่อ,คงไม่หลอกกัน,ไม่ลอง,ไม่มี ชอบออริจินอล,,,,ไม่อยากลอง,,,,ออริจินอลก็เค็มพอแล้ว,20-29ปี,หญิง
12/4/2024 12:59:24,เคย,ข้าวเกรียบ,"H, K, N, O","คาลโวร่า, เอบินาริ, ฮานาโร, แบ็กซ์, พัฟโมริ, สแน็คแบ๊ค","คาลโวร่า, เอบินาริ, ฮานาโร, แบ็กซ์, พัฟโมริ, บิบิป๊อป, สแน็คแบ๊ค, Veggie Snap",มีผลมากที่สุด,มีผลมากที่สุด,มีผลมากที่สุด,มีผลมากที่สุด,มีผลมากที่สุด,ดูซีรี่ย์,ใช่ เป็นของ Calvora,ใช่ เป็นของ Calvora,ใช่ เป็นของ Calvora,ใช่ เป็นของ Calvora,ใช่ เป็นของ Calvora,ใช่ เป็นของ Calvora,ใช่ เป็นของ Calvora,ใช่ เป็นของ Calvora,ใช่ เป็นของ Calvora,ใช่ เป็นของ Calvora,ใช่ เป็นของ Calvora,"ใช้วัตถุดิบจากธรรมชาติ (Use natural ingredients), ทำจากเนื้อสัตว์แท้ (From real meat), มีรสชาติอร่อย (Tasty), มีคุณภาพดี (Good quality)",ไม่รู้,เก็บเกี่ยววัตถุดิบจากธรรมชาติ,5,"แหล่งที่มาของวัตถุดิบ, เห็นขั้นตอนของการเก็บเกี่ยววัตถุดิบ",,รู้จัก และเคยทาน,"Original, ต้มยำกุ้ง",รสชาติ,เชื่อ,เชื่อในแบรนด์,ลอง,หมาล่า,,,,ไม่อยากลอง,,,,รสชาติตอนนี้ก็อร่อยอยู่แล้ว,20-29ปี,หญิง
12/4/2024 13:54:04,เคย,แบ๊ก,"H, I","ฮานาโร, แบ็กซ์, พัฟโมริ, บิบิป๊อป, สแน็คแบ๊ค","ฮานาโร, แบ็กซ์, พัฟโมริ, บิบิป๊อป, สแน็คแบ๊ค",ปานกลาง,มีผลมากที่สุด,ปานกลาง,ปานกลาง,มีผลน้อย,หิว,ใช่ เป็นของ Calvora,ไม่ใช่,ไม่ใช่,ใช่ เป็นของ Calvora,ใช่ เป็นของ Calvora,ไม่ใช่,ไม่ใช่,ไม่ใช่,ไม่ใช่,ไม่ใช่,ไม่ใช่,มีรสชาติอร่อย (Tasty),ไม่รู้,-,3,"ข้อมูลเกี่ยวกับกระบวนการผลิต, การรับรองจากหน่วยงานด้านอาหาร, การรับรองมาตรฐานการผลิตจากญี่ปุ่น, เป็นผลิตภัณฑ์นำเข้าจากญี่ปุ่น",,ไม่รู้จักเลย,,,,,,,,,,,,,,,20-29ปี,ชาย
12/4/2024 16:28:46,เคย,ขนม,"H, I, O, P, Q","คาลโวร่า, ฮานาโร, แบ็กซ์, พัฟโมริ, Jomona, สแน็คแบ๊ค","คาลโวร่า, ฮานาโร, แบ็กซ์, พัฟโมริ, สแน็คแบ๊ค",มีผลมากที่สุด,มีผลมากที่สุด,ไม่มีผลเลย,มีผลมากที่สุด,ปานกลาง,ว่าง,ใช่ เป็นของ Calvora,ไม่ใช่,ไม่ใช่,ไม่ใช่,ไม่ใช่,ไม่ใช่,ไม่ใช่,ไม่ใช่,ไม่ใช่,ไม่ใช่,ไม่ใช่,"ใช้วัตถุดิบจากธรรมชาติ (Use natural ingredients), มีรสชาติอร่อย (Tasty), มีคุณภาพดี (Good quality), เป็นแบรนด์ญี่ปุ่น (Japan brand)",ไม่รู้,ทำจากธรรมชาติแท้,2,"แหล่งที่มาของวัตถุดิบ, เห็นขั้นตอนของการเก็บเกี่ยววัตถุดิบ, ข้อมูลเกี่ยวกับกระบวนการผลิต, การรับรองจากหน่วยงานด้านอาหาร, การรับรองมาตรฐานการผลิตจากญี่ปุ่น, เป็นผลิตภัณฑ์นำเข้าจากญี่ปุ่น",,รู้จัก และเคยทาน,Original,เพื่อนซื้อให้,เชื่อ,แพ้กุ้ง เคยกินแล้วปากปวม,ไม่ลอง,-,,,,ไม่อยากลอง,,,,-,ต่ำกว่า 20ปี,ชาย
12/5/2024 13:56:11,เคย,ขนมกรอบๆจากญี่ปุ่น,"H, I, K, N, Q","คาลโวร่า, แบ็กซ์, พัฟโมริ, Jomona, สแน็คแบ๊ค","คาลโวร่า, แบ็กซ์, Jomona, สแน็คแบ๊ค",มีผลมาก,มีผลมากที่สุด,มีผลมาก,มีผลมากที่สุด,มีผลมากที่สุด,ระหว่างมื้ออาหาร,ใช่ เป็นของ Calvora,ใช่ เป็นของ Calvora,ใช่ เป็นของ Calvora,ใช่ เป็นของ Calvora,ไม่ใช่,ไม่ใช่,ใช่ เป็นของ Calvora,ไม่ใช่,ไม่ใช่,ไม่ใช่,ใช่ เป็นของ Calvora,"มีรสชาติอร่อย (Tasty), เป็นแบรนด์ญี่ปุ่น (Japan brand)",ไม่รู้,ใช้วัตถุดิบจากธรรมชาติ,3,"แหล่งที่มาของวัตถุดิบ, การรับรองจากหน่วยงานด้านอาหาร, การรับรองมาตรฐานการผลิตจากญี่ปุ่น, เป็นผลิตภัณฑ์นำเข้าจากญี่ปุ่น",Diamond Grains เพราะเป็นถั่วและธัญพืช,ไม่รู้จักเลย,,,,,,,,,,,,,,,30-39ปี,หญิง
12/6/2024 8:08:37,ไม่เคย,,,,,,,,,,,,,,,,,,,,,,,,,,,,,,,,,,,,,,,,,,,,
12/6/2024 8:08:54,ไม่เคย,,,,,,,,,,,,,,,,,,,,,,,,,,,,,,,,,,,,,,,,,,,,
12/6/2024 10:55:40,เคย,ขนม,L,"ฮานาโร, แบ็กซ์, พัฟโมริ","ฮานาโร, แบ็กซ์, พัฟโมริ, สแน็คแบ๊ค",มีผลมาก,มีผลมาก,ปานกลาง,มีผลมาก,มีผลมาก,เล่นเกม,ใช่ เป็นของ Calvora,ไม่ใช่,ไม่ใช่,ใช่ เป็นของ Calvora,ใช่ เป็นของ Calvora,ใช่ เป็นของ Calvora,ไม่ใช่,ใช่ เป็นของ Calvora,ใช่ เป็นของ Calvora,ไม่ใช่,ไม่ใช่,มีรสชาติอร่อย (Tasty),ไม่รู้,ฟาม,3,"ข้อมูลเกี่ยวกับกระบวนการผลิต, การรับรองจากหน่วยงานด้านอาหาร",,ไม่รู้จักเลย,,,,,,,,,,,,,,,ต่ำกว่า 20ปี,ชาย
12/6/2024 11:00:18,เคย,ขนมข้าวเกรียบกุ้งง,K,"คาลโวร่า, ฮานาโร, แบ็กซ์, พัฟโมริ, บิบิป๊อป, สแน็คแบ๊ค, Veggie Snap","คาลโวร่า, ฮานาโร, แบ็กซ์, พัฟโมริ, บิบิป๊อป, สแน็คแบ๊ค, Veggie Snap",มีผลมากที่สุด,มีผลมากที่สุด,มีผลมากที่สุด,มีผลมากที่สุด,มีผลมากที่สุด,อ่านหนังสือ,ใช่ เป็นของ Calvora,ใช่ เป็นของ Calvora,ใช่ เป็นของ Calvora,ไม่ใช่,ไม่ใช่,ไม่ใช่,ไม่ใช่,ไม่ใช่,ไม่ใช่,ไม่ใช่,ไม่ใช่,"ใช้วัตถุดิบจากธรรมชาติ (Use natural ingredients), ทำจากเนื้อสัตว์แท้ (From real meat), มีรสชาติอร่อย (Tasty)",ไม่รู้,ใช้วัตถุดิบธรรมชาติ,5,"แหล่งที่มาของวัตถุดิบ, เห็นขั้นตอนของการเก็บเกี่ยววัตถุดิบ, ข้อมูลเกี่ยวกับกระบวนการผลิต, การรับรองจากหน่วยงานด้านอาหาร, การรับรองมาตรฐานการผลิตจากญี่ปุ่น",,รู้จัก และเคยทาน,Original,อร่อย,เชื่อ,กลิ่นหอม,ลอง,หม่าล่า,,,,ชอบรสเข้มข้น อยากลอง,รสชาติที่ชัดขึ้น,มันเข้าถึงรสชาติ,ตอนดื่ม ตอนกินกับเพื่อนๆ,,20-29ปี,หญิง
12/6/2024 11:03:51,เคย,ข้าวเกรียบกุ้ง,"K, L, M","คาลโวร่า, ฮานาโร, แบ็กซ์, พัฟโมริ, บิบิป๊อป, สแน็คแบ๊ค","ฮานาโร, บิบิป๊อป, สแน็คแบ๊ค",ปานกลาง,มีผลมากที่สุด,มีผลน้อย,ปานกลาง,ปานกลาง,อ่านหนังสือ,ใช่ เป็นของ Calvora,ใช่ เป็นของ Calvora,ใช่ เป็นของ Calvora,ใช่ เป็นของ Calvora,ใช่ เป็นของ Calvora,ใช่ เป็นของ Calvora,ใช่ เป็นของ Calvora,ใช่ เป็นของ Calvora,ใช่ เป็นของ Calvora,ใช่ เป็นของ Calvora,ใช่ เป็นของ Calvora,"ใช้วัตถุดิบจากธรรมชาติ (Use natural ingredients), มีรสชาติอร่อย (Tasty)",ไม่รู้,วัตถุดิบจากธรรมชาติ,4,"การรับรองจากหน่วยงานด้านอาหาร, การรับรองมาตรฐานการผลิตจากญี่ปุ่น",,ไม่รู้จักเลย,,,,,,,,,,,,,,,ต่ำกว่า 20ปี,หญิง
12/6/2024 11:04:52,เคย,ขนมขบเคี้ยว,"H, K","คาลโวร่า, แบ็กซ์, พัฟโมริ, สแน็คแบ๊ค","ฮานาโร, แบ็กซ์, พัฟโมริ, สแน็คแบ๊ค",ปานกลาง,มีผลมากที่สุด,มีผลมาก,มีผลมากที่สุด,มีผลมาก,อ่านหนังสือสอบ,ใช่ เป็นของ Calvora,ใช่ เป็นของ Calvora,ไม่ใช่,ไม่ใช่,ใช่ เป็นของ Calvora,ไม่ใช่,ใช่ เป็นของ Calvora,ใช่ เป็นของ Calvora,ไม่ใช่,ใช่ เป็นของ Calvora,ไม่ใช่,"มีรสชาติอร่อย (Tasty), มีคุณภาพดี (Good quality), เป็นแบรนด์ญี่ปุ่น (Japan brand)",ไม่รู้,เป็นขนมที่ทำมาจากธรรมชาติ,3,"แหล่งที่มาของวัตถุดิบ, ข้อมูลเกี่ยวกับกระบวนการผลิต, การรับรองมาตรฐานการผลิตจากญี่ปุ่น",,รู้จัก แต่ไม่เคยทาน,,,,,,,ไม่ค่อยทานขนม,เชื่อ,เป็นรสกุ้งก็ต้องมีส่วนประกอบของกุ้ง,ชอบรสเข้มข้น อยากลอง,เค็มๆ,อร่อย,กินช่วงสอบ,,ต่ำกว่า 20ปี,หญิง
12/6/2024 13:30:20,ไม่เคย,,,,,,,,,,,,,,,,,,,,,,,,,,,,,,,,,,,,,,,,,,,,
12/6/2024 14:23:08,เคย,ขนมอบกรอบรสกุ้ง,H,"คาลโวร่า, เอบินาริ, ฮานาโร, แบ็กซ์, พัฟโมริ, สแน็คแบ๊ค","คาลโวร่า, ฮานาโร, แบ็กซ์, พัฟโมริ, สแน็คแบ๊ค",ปานกลาง,มีผลมากที่สุด,มีผลมาก,มีผลมากที่สุด,ไม่มีผลเลย,ตอนหิวระหว่างมื้อ,ใช่ เป็นของ Calvora,ไม่ใช่,ไม่ใช่,ไม่ใช่,ไม่ใช่,ไม่ใช่,ไม่ใช่,ไม่ใช่,ไม่ใช่,ไม่ใช่,ไม่ใช่,"มีรสชาติอร่อย (Tasty), เป็นแบรนด์ญี่ปุ่น (Japan brand)",ไม่รู้,วัตถุดิบจากธรรมชาติ,1,แหล่งที่มาของวัตถุดิบ,ดอยคำ เป็นโครงการร่วมกับเกษตรกร,รู้จัก แต่ไม่เคยทาน,,,,,,,ซื้อตัวดั้งเดิม,เชื่อ,แบรนด์ญี่ปุ่น,ชอบรสเข้มข้น อยากลอง,รสกุ้งชัด,น่าจะอร่อย และปกคิชอบกินรสจัด,บ่ายๆ ระหว่างมื้อกลางวัน-เย็น คู่กับน้ำอัดลม,,30-39ปี,หญิง
12/6/2024 17:36:39,เคย,ข้าวเกรียบกุ้ง,"H, K, N, O","คาลโวร่า, ฮานาโร, แบ็กซ์, พัฟโมริ, Jomona, สแน็คแบ๊ค, Veggie Snap, ฟรูทร่า","คาลโวร่า, ฮานาโร, พัฟโมริ, สแน็คแบ๊ค, Veggie Snap",มีผลมาก,มีผลมากที่สุด,มีผลมาก,มีผลมาก,มีผลมาก,พักผ่อน,ใช่ เป็นของ Calvora,ไม่ใช่,ไม่ใช่,ไม่ใช่,ไม่ใช่,ใช่ เป็นของ Calvora,ใช่ เป็นของ Calvora,ไม่ใช่,ไม่ใช่,ใช่ เป็นของ Calvora,ไม่ใช่,"ใช้วัตถุดิบจากธรรมชาติ (Use natural ingredients), มีรสชาติอร่อย (Tasty), มีคุณภาพดี (Good quality), เพื่อสุขภาพที่ดี (For healthy lifestyles)",ไม่รู้,เก็บเกี่ยวสินค้าเกษตรจสกพลังธรรมชาติ,4,"แหล่งที่มาของวัตถุดิบ, การรับรองจากหน่วยงานด้านอาหาร",Ajinomoto,ไม่รู้จักเลย,,,,,,,,,,,,,,,30-39ปี,LGBTQ+
12/6/2024 18:31:32,เคย,ข้าวเกรียบกุ้ง,"H, N","คาลโวร่า, เอบินาริ, ฮานาโร, แบ็กซ์, พัฟโมริ, บิบิป๊อป, สแน็คแบ๊ค","คาลโวร่า, เอบินาริ, ฮานาโร, แบ็กซ์, พัฟโมริ, บิบิป๊อป, สแน็คแบ๊ค",มีผลมากที่สุด,มีผลมากที่สุด,มีผลมากที่สุด,มีผลมากที่สุด,มีผลมากที่สุด,ตอนดูหนัง,ใช่ เป็นของ Calvora,ใช่ เป็นของ Calvora,ใช่ เป็นของ Calvora,ใช่ เป็นของ Calvora,ใช่ เป็นของ Calvora,ไม่ใช่,ไม่ใช่,ไม่ใช่,ไม่ใช่,ไม่ใช่,ไม่ใช่,"ใช้วัตถุดิบจากธรรมชาติ (Use natural ingredients), ทำจากเนื้อสัตว์แท้ (From real meat), มีรสชาติอร่อย (Tasty), มีคุณภาพดี (Good quality), เพื่อสุขภาพที่ดี (For healthy lifestyles), เป็นแบรนด์ญี่ปุ่น (Japan brand)",ไม่รู้,ทำมาจากธรรมชาติ,4,"แหล่งที่มาของวัตถุดิบ, เห็นขั้นตอนของการเก็บเกี่ยววัตถุดิบ, ข้อมูลเกี่ยวกับกระบวนการผลิต, การรับรองจากหน่วยงานด้านอาหาร, การรับรองมาตรฐานการผลิตจากญี่ปุ่น, เป็นผลิตภัณฑ์นำเข้าจากญี่ปุ่น",,รู้จัก และเคยทาน,Original,อร่อย,เชื่อ,เขียนข้างถุง,ลอง,รสน้ำผึ้ง,,,,ชอบรสเข้มข้น อยากลอง,อร่อย,ชอบรสชาติเยอะๆ,น้ำอัดลม,,ต่ำกว่า 20ปี,หญิง
12/6/2024 19:25:27,เคย,ขนมขบเคี้ยว,"K, M","คาลโวร่า, ฮานาโร, แบ็กซ์, พัฟโมริ, บิบิป๊อป, สแน็คแบ๊ค","แบ็กซ์, บิบิป๊อป, สแน็คแบ๊ค",มีผลมาก,มีผลมาก,ปานกลาง,มีผลมากที่สุด,ปานกลาง,ทำงาน,ใช่ เป็นของ Calvora,ใช่ เป็นของ Calvora,ใช่ เป็นของ Calvora,ใช่ เป็นของ Calvora,ใช่ เป็นของ Calvora,ใช่ เป็นของ Calvora,ใช่ เป็นของ Calvora,ใช่ เป็นของ Calvora,ใช่ เป็นของ Calvora,ไม่ใช่,ไม่ใช่,เป็นแบรนด์ญี่ปุ่น (Japan brand),ไม่รู้,ใช้วัตถุดิบจากธรรมชาติ,3,"ข้อมูลเกี่ยวกับกระบวนการผลิต, การรับรองมาตรฐานการผลิตจากญี่ปุ่น",ขนมซันไบรท์ วัตถุดิบจากธัญพืช,รู้จัก และเคยทาน,Original,รสชาติ,ไม่เชื่อ,น่าจะมีส่วนผสมอย่างอื่นบ้าง,ไม่ลอง,ต้มยำกุ้ง,,,,ไม่อยากลอง,,,,เคยลองกินขนมขบเคี้ยวที่รสชาติเข้มข้น ทำให้รู้สึกมีรสชาติที่เค็มกว่าปกติ,20-29ปี,หญิง
12/8/2024 5:52:12,ไม่เคย,,,,,,,,,,,,,,,,,,,,,,,,,,,,,,,,,,,,,,,,,,,,
12/8/2024 5:52:44,ไม่เคย,,,,,,,,,,,,,,,,,,,,,,,,,,,,,,,,,,,,,,,,,,,,
12/8/2024 5:52:56,ไม่เคย,,,,,,,,,,,,,,,,,,,,,,,,,,,,,,,,,,,,,,,,,,,,
12/8/2024 5:53:12,ไม่เคย,,,,,,,,,,,,,,,,,,,,,,,,,,,,,,,,,,,,,,,,,,,,
12/8/2024 6:03:10,เคย,ขนมอบกรอบ,H,"ฮานาโร, พัฟโมริ, บิบิป๊อป, สแน็คแบ๊ค",คาลโวร่า,มีผลมากที่สุด,มีผลมากที่สุด,มีผลมากที่สุด,มีผลมากที่สุด,มีผลมากที่สุด,ดูทีวี,ใช่ เป็นของ Calvora,ไม่ใช่,ไม่ใช่,ไม่ใช่,ไม่ใช่,ไม่ใช่,ไม่ใช่,ไม่ใช่,ไม่ใช่,ไม่ใช่,ไม่ใช่,มีรสชาติอร่อย (Tasty),ไม่รู้,ดี,5,แหล่งที่มาของวัตถุดิบ,ไม่มี,ไม่รู้จักเลย,,,,,,,,,,,,,,,50ปี ขึ้นไป,หญิง
12/12/2024 8:28:45,เคย,ขนมแท่งรสกุ้ง,"H, I, K, L, Q","คาลโวร่า, ฮานาโร, แบ็กซ์, พัฟโมริ, บิบิป๊อป, สแน็คแบ๊ค","คาลโวร่า, ฮานาโร, แบ็กซ์, พัฟโมริ, บิบิป๊อป, สแน็คแบ๊ค",ปานกลาง,มีผลมากที่สุด,มีผลน้อย,มีผลมาก,ปานกลาง,ดูหนัง,ใช่ เป็นของ Calvora,ใช่ เป็นของ Calvora,ใช่ เป็นของ Calvora,ไม่ใช่,ไม่ใช่,ไม่ใช่,ไม่ใช่,ไม่ใช่,ใช่ เป็นของ Calvora,ไม่ใช่,ไม่ใช่,"มีรสชาติอร่อย (Tasty), มีคุณภาพดี (Good quality)",ไม่รู้,ใช้วัตถุดิบที่มีตามธรรมชาติ,3,"แหล่งที่มาของวัตถุดิบ, ข้อมูลเกี่ยวกับกระบวนการผลิต, การรับรองจากหน่วยงานด้านอาหาร",,รู้จัก และเคยทาน,Original,รสชาติ,เชื่อ,ความอร่อย,ไม่ลอง,ชีส,,,,ชอบรสเข้มข้น อยากลอง,อร่อยขึ้น,กินเพลิน,เวลาว่าง / น้ำอัดลม,,20-29ปี,หญิง